mode,time_step,pr_auc,precision_at_k,illicit_caught,n_illicit,w_adaptive,psi_z
static,35,0.9923487899921637,1.0,50,182,0.0,1.49
static,36,0.9982683982683982,0.66,33,33,0.0,2.26
static,37,0.89853800951303,0.7,35,40,0.0,2.93
static,38,0.9551131562643081,1.0,50,111,0.0,1.5
static,39,0.9638123261285105,1.0,50,81,0.0,2.83
static,40,0.7662205127386539,1.0,50,112,0.0,1.71
static,41,0.9632573410066195,1.0,50,116,0.0,2.96
static,42,0.8876061052547185,1.0,50,239,0.0,1.58
static,43,0.041118373999182826,0.0,0,24,0.0,1.72
static,44,0.04057950357931181,0.06,3,24,0.0,1.39
static,45,0.00791222944935011,0.0,0,5,0.0,1.57
static,46,0.25625,0.02,1,2,0.0,3.81
static,47,0.04041869605002592,0.0,0,22,0.0,1.68
static,48,0.18607923656383482,0.14,7,36,0.0,1.94
static,49,0.24203622405081957,0.06,3,56,0.0,1.67
adaptive_full,35,0.9923487899921637,1.0,50,182,0.0,1.49
adaptive_full,36,0.9982683982683982,0.66,33,33,0.0,2.26
adaptive_full,37,0.8588535972995508,0.58,29,40,0.985,2.93
adaptive_full,38,0.9467734412702548,1.0,50,111,0.966,1.5
adaptive_full,39,0.9685460640450284,1.0,50,81,0.975,2.83
adaptive_full,40,0.7699975316722936,1.0,50,112,0.96,1.71
adaptive_full,41,0.9648185947507475,1.0,50,116,0.987,2.96
adaptive_full,42,0.9360502224117353,1.0,50,239,0.983,1.58
adaptive_full,43,0.21962452133625207,0.2,10,24,0.996,1.72
adaptive_full,44,0.21329010077268676,0.22,11,24,0.963,1.39
adaptive_full,45,0.03351527567410839,0.0,0,5,0.924,1.57
adaptive_full,46,0.26515151515151514,0.02,1,2,0.996,3.81
adaptive_full,47,0.3934785450246651,0.34,17,22,0.975,1.68
adaptive_full,48,0.5451403570643928,0.54,27,36,0.97,1.94
adaptive_full,49,0.7627507196740062,0.64,32,56,0.987,1.67
adaptive_budget,35,0.9923487899921637,1.0,50,182,0.0,1.49
adaptive_budget,36,0.9982683982683982,0.66,33,33,0.0,2.26
adaptive_budget,37,0.89853800951303,0.7,35,40,0.0,2.93
adaptive_budget,38,0.8580079883827126,1.0,50,111,0.966,1.5
adaptive_budget,39,0.6187551522692554,0.74,37,81,0.975,2.83
adaptive_budget,40,0.577137384897298,0.98,49,112,0.96,1.71
adaptive_budget,41,0.8805645178675803,1.0,50,116,0.987,2.96
adaptive_budget,42,0.7845994506574169,1.0,50,239,0.983,1.58
adaptive_budget,43,0.01432468576880359,0.0,0,24,0.996,1.72
adaptive_budget,44,0.035163717481557416,0.02,1,24,0.963,1.39
adaptive_budget,45,0.004883246503247138,0.0,0,5,0.924,1.57
adaptive_budget,46,0.5015197568389058,0.02,1,2,0.996,3.81
adaptive_budget,47,0.026185271899968922,0.0,0,22,0.975,1.68
adaptive_budget,48,0.08032258813703172,0.08,4,36,0.97,1.94
adaptive_budget,49,0.1384008074096024,0.04,2,56,0.987,1.67
