seed,time_step,pr_auc,precision_at_k,illicit_caught,n_illicit,w_static,w_srp,w_adp
42,35,0.9847255038984133,1.0,50,182,0.5,0.5,
42,36,0.9965564738292011,0.66,33,33,0.5,0.5,
42,37,0.7795333541593967,0.58,29,40,0.5,0.48,0.021
42,38,0.9456447840604019,1.0,50,111,0.516,0.467,0.016
42,39,0.9538456002893865,1.0,50,81,0.483,0.455,0.061
42,40,0.758937871317424,1.0,50,112,0.444,0.428,0.128
42,41,0.9631034529441631,1.0,50,116,0.407,0.399,0.194
42,42,0.8665871881340884,1.0,50,239,0.381,0.376,0.243
42,43,0.02026377556573262,0.0,0,24,0.363,0.36,0.277
42,44,0.03169596517822948,0.04,2,24,0.357,0.346,0.297
42,45,0.008945477097519004,0.0,0,5,0.321,0.372,0.306
42,46,0.509009009009009,0.02,1,2,0.321,0.372,0.306
42,47,0.03235522273072447,0.02,1,22,0.062,0.497,0.442
42,48,0.16255232598807823,0.18,9,36,0.129,0.431,0.44
42,49,0.2521281501529184,0.26,13,56,0.251,0.323,0.426
43,35,0.9880775867223244,1.0,50,182,0.5,0.5,
43,36,0.9857819078241997,0.66,33,33,0.5,0.5,
43,37,0.7977306958243733,0.58,29,40,0.526,0.453,0.022
43,38,0.948848267085381,1.0,50,111,0.5,0.435,0.064
43,39,0.9493198669611622,1.0,50,81,0.452,0.416,0.132
43,40,0.7567269914765441,1.0,50,112,0.412,0.392,0.196
43,41,0.95697815826975,1.0,50,116,0.383,0.372,0.246
43,42,0.8768338894525769,1.0,50,239,0.364,0.357,0.279
43,43,0.027987244578554626,0.04,2,24,0.352,0.348,0.3
43,44,0.0763027638102323,0.06,3,24,0.336,0.321,0.343
43,45,0.006699332106426659,0.0,0,5,0.08,0.324,0.596
43,46,0.5019762845849802,0.02,1,2,0.08,0.324,0.596
43,47,0.027577352277181076,0.0,0,22,0.036,0.083,0.882
43,48,0.14757562574390962,0.06,3,36,0.036,0.083,0.882
43,49,0.1480877315339814,0.02,1,56,0.054,0.048,0.898
44,35,0.984426507239208,1.0,50,182,0.5,0.5,
44,36,0.9960127591706538,0.66,33,33,0.5,0.5,
44,37,0.7505916669877828,0.56,28,40,0.495,0.485,0.02
44,38,0.9401124985986501,1.0,50,111,0.514,0.419,0.067
44,39,0.9550087269337366,1.0,50,81,0.459,0.406,0.135
44,40,0.7588311416868155,1.0,50,112,0.415,0.385,0.2
44,41,0.9601632481650363,1.0,50,116,0.384,0.368,0.248
44,42,0.8722169825578013,1.0,50,239,0.365,0.355,0.28
44,43,0.023100907488590262,0.0,0,24,0.352,0.347,0.301
44,44,0.05978998692287177,0.06,3,24,0.352,0.347,0.301
44,45,0.029897917838827493,0.02,1,5,0.279,0.391,0.33
44,46,0.5031347962382445,0.02,1,2,0.107,0.788,0.105
44,47,0.05235820066382174,0.02,1,22,0.031,0.746,0.223
44,48,0.11487272117899935,0.1,5,36,0.087,0.619,0.294
44,49,0.2270652805267897,0.22,11,56,0.214,0.413,0.373
