mode,seed,time_step,pr_auc,precision_at_k,illicit_caught,n_illicit,w_adaptive
static,47,35,0.9923487899921637,1.0,50,182,0.0
static,47,36,0.9982683982683982,0.66,33,33,0.0
static,47,37,0.89853800951303,0.7,35,40,0.0
static,47,38,0.9551131562643081,1.0,50,111,0.0
static,47,39,0.9638123261285105,1.0,50,81,0.0
static,47,40,0.7662205127386539,1.0,50,112,0.0
static,47,41,0.9632573410066195,1.0,50,116,0.0
static,47,42,0.8876061052547185,1.0,50,239,0.0
static,47,43,0.041118373999182826,0.0,0,24,0.0
static,47,44,0.04057950357931181,0.06,3,24,0.0
static,47,45,0.00791222944935011,0.0,0,5,0.0
static,47,46,0.25625,0.02,1,2,0.0
static,47,47,0.04041869605002592,0.0,0,22,0.0
static,47,48,0.18607923656383482,0.14,7,36,0.0
static,47,49,0.24203622405081957,0.06,3,56,0.0
adaptive_full,47,35,0.9923487899921637,1.0,50,182,0.0
adaptive_full,47,36,0.9982683982683982,0.66,33,33,0.0
adaptive_full,47,37,0.8588535972995508,0.58,29,40,0.985
adaptive_full,47,38,0.9467734412702548,1.0,50,111,0.966
adaptive_full,47,39,0.9685460640450284,1.0,50,81,0.975
adaptive_full,47,40,0.7699975316722936,1.0,50,112,0.96
adaptive_full,47,41,0.9648185947507475,1.0,50,116,0.987
adaptive_full,47,42,0.9360502224117353,1.0,50,239,0.983
adaptive_full,47,43,0.21962452133625207,0.2,10,24,0.996
adaptive_full,47,44,0.21329010077268676,0.22,11,24,0.963
adaptive_full,47,45,0.03351527567410839,0.0,0,5,0.924
adaptive_full,47,46,0.26515151515151514,0.02,1,2,0.996
adaptive_full,47,47,0.3934785450246651,0.34,17,22,0.975
adaptive_full,47,48,0.5451403570643928,0.54,27,36,0.97
adaptive_full,47,49,0.7627507196740062,0.64,32,56,0.987
adaptive_budget,47,35,0.9923487899921637,1.0,50,182,0.0
adaptive_budget,47,36,0.9982683982683982,0.66,33,33,0.0
adaptive_budget,47,37,0.89853800951303,0.7,35,40,0.0
adaptive_budget,47,38,0.8580079883827126,1.0,50,111,0.966
adaptive_budget,47,39,0.6187551522692554,0.74,37,81,0.975
adaptive_budget,47,40,0.577137384897298,0.98,49,112,0.96
adaptive_budget,47,41,0.8805645178675803,1.0,50,116,0.987
adaptive_budget,47,42,0.7845994506574169,1.0,50,239,0.983
adaptive_budget,47,43,0.01432468576880359,0.0,0,24,0.996
adaptive_budget,47,44,0.035163717481557416,0.02,1,24,0.963
adaptive_budget,47,45,0.004883246503247138,0.0,0,5,0.924
adaptive_budget,47,46,0.5015197568389058,0.02,1,2,0.996
adaptive_budget,47,47,0.026185271899968922,0.0,0,22,0.975
adaptive_budget,47,48,0.08032258813703172,0.08,4,36,0.97
adaptive_budget,47,49,0.1384008074096024,0.04,2,56,0.987
aegis_cg,47,35,0.9923487899921637,1.0,50,182,0.0
aegis_cg,47,36,0.9982683982683982,0.66,33,33,0.0
aegis_cg,47,37,0.8075391032667056,0.6,30,40,0.5
aegis_cg,47,38,0.9434216777278751,1.0,50,111,0.41
aegis_cg,47,39,0.9554266215359605,1.0,50,81,0.446
aegis_cg,47,40,0.7541587571906506,0.98,49,112,0.467
aegis_cg,47,41,0.9623466537346147,1.0,50,116,0.48
aegis_cg,47,42,0.8705696238358777,1.0,50,239,0.488
aegis_cg,47,43,0.019460968077169738,0.0,0,24,0.492
aegis_cg,47,44,0.046490121921889366,0.06,3,24,0.492
aegis_cg,47,45,0.0036734998101864433,0.0,0,5,0.689
aegis_cg,47,46,0.5021881838074398,0.02,1,2,0.689
aegis_cg,47,47,0.03420580849050723,0.04,2,22,0.923
aegis_cg,47,48,0.1713794998198202,0.1,5,36,0.816
aegis_cg,47,49,0.2753429247476876,0.24,12,56,0.821
static,48,35,0.9923487899921637,1.0,50,182,0.0
static,48,36,0.9982683982683982,0.66,33,33,0.0
static,48,37,0.89853800951303,0.7,35,40,0.0
static,48,38,0.9551131562643081,1.0,50,111,0.0
static,48,39,0.9638123261285105,1.0,50,81,0.0
static,48,40,0.7662205127386539,1.0,50,112,0.0
static,48,41,0.9632573410066195,1.0,50,116,0.0
static,48,42,0.8876061052547185,1.0,50,239,0.0
static,48,43,0.041118373999182826,0.0,0,24,0.0
static,48,44,0.04057950357931181,0.06,3,24,0.0
static,48,45,0.00791222944935011,0.0,0,5,0.0
static,48,46,0.25625,0.02,1,2,0.0
static,48,47,0.04041869605002592,0.0,0,22,0.0
static,48,48,0.18607923656383482,0.14,7,36,0.0
static,48,49,0.24203622405081957,0.06,3,56,0.0
adaptive_full,48,35,0.9923487899921637,1.0,50,182,0.0
adaptive_full,48,36,0.9982683982683982,0.66,33,33,0.0
adaptive_full,48,37,0.8588535972995508,0.58,29,40,0.985
adaptive_full,48,38,0.9467734412702548,1.0,50,111,0.966
adaptive_full,48,39,0.9685460640450284,1.0,50,81,0.975
adaptive_full,48,40,0.7699975316722936,1.0,50,112,0.96
adaptive_full,48,41,0.9648185947507475,1.0,50,116,0.987
adaptive_full,48,42,0.9360502224117353,1.0,50,239,0.983
adaptive_full,48,43,0.21962452133625207,0.2,10,24,0.996
adaptive_full,48,44,0.21329010077268676,0.22,11,24,0.963
adaptive_full,48,45,0.03351527567410839,0.0,0,5,0.924
adaptive_full,48,46,0.26515151515151514,0.02,1,2,0.996
adaptive_full,48,47,0.3934785450246651,0.34,17,22,0.975
adaptive_full,48,48,0.5451403570643928,0.54,27,36,0.97
adaptive_full,48,49,0.7627507196740062,0.64,32,56,0.987
adaptive_budget,48,35,0.9923487899921637,1.0,50,182,0.0
adaptive_budget,48,36,0.9982683982683982,0.66,33,33,0.0
adaptive_budget,48,37,0.89853800951303,0.7,35,40,0.0
adaptive_budget,48,38,0.8580079883827126,1.0,50,111,0.966
adaptive_budget,48,39,0.6187551522692554,0.74,37,81,0.975
adaptive_budget,48,40,0.577137384897298,0.98,49,112,0.96
adaptive_budget,48,41,0.8805645178675803,1.0,50,116,0.987
adaptive_budget,48,42,0.7845994506574169,1.0,50,239,0.983
adaptive_budget,48,43,0.01432468576880359,0.0,0,24,0.996
adaptive_budget,48,44,0.035163717481557416,0.02,1,24,0.963
adaptive_budget,48,45,0.004883246503247138,0.0,0,5,0.924
adaptive_budget,48,46,0.5015197568389058,0.02,1,2,0.996
adaptive_budget,48,47,0.026185271899968922,0.0,0,22,0.975
adaptive_budget,48,48,0.08032258813703172,0.08,4,36,0.97
adaptive_budget,48,49,0.1384008074096024,0.04,2,56,0.987
aegis_cg,48,35,0.9923487899921637,1.0,50,182,0.0
aegis_cg,48,36,0.9982683982683982,0.66,33,33,0.0
aegis_cg,48,37,0.8152134009240203,0.6,30,40,0.5
aegis_cg,48,38,0.9381905717142567,1.0,50,111,0.443
aegis_cg,48,39,0.9553229159465937,1.0,50,81,0.447
aegis_cg,48,40,0.7443579775142718,1.0,50,112,0.468
aegis_cg,48,41,0.9568500256101137,1.0,50,116,0.481
aegis_cg,48,42,0.8644584506462433,1.0,50,239,0.488
aegis_cg,48,43,0.016359315952018335,0.0,0,24,0.493
aegis_cg,48,44,0.03785983057920631,0.06,3,24,0.493
aegis_cg,48,45,0.004866257479134746,0.0,0,5,0.637
aegis_cg,48,46,0.5086206896551724,0.02,1,2,0.637
aegis_cg,48,47,0.023049014309683355,0.0,0,22,0.912
aegis_cg,48,48,0.3947138074086249,0.28,14,36,0.912
aegis_cg,48,49,0.18381556420887638,0.04,2,56,0.954
static,49,35,0.9923487899921637,1.0,50,182,0.0
static,49,36,0.9982683982683982,0.66,33,33,0.0
static,49,37,0.89853800951303,0.7,35,40,0.0
static,49,38,0.9551131562643081,1.0,50,111,0.0
static,49,39,0.9638123261285105,1.0,50,81,0.0
static,49,40,0.7662205127386539,1.0,50,112,0.0
static,49,41,0.9632573410066195,1.0,50,116,0.0
static,49,42,0.8876061052547185,1.0,50,239,0.0
static,49,43,0.041118373999182826,0.0,0,24,0.0
static,49,44,0.04057950357931181,0.06,3,24,0.0
static,49,45,0.00791222944935011,0.0,0,5,0.0
static,49,46,0.25625,0.02,1,2,0.0
static,49,47,0.04041869605002592,0.0,0,22,0.0
static,49,48,0.18607923656383482,0.14,7,36,0.0
static,49,49,0.24203622405081957,0.06,3,56,0.0
adaptive_full,49,35,0.9923487899921637,1.0,50,182,0.0
adaptive_full,49,36,0.9982683982683982,0.66,33,33,0.0
adaptive_full,49,37,0.8588535972995508,0.58,29,40,0.985
adaptive_full,49,38,0.9467734412702548,1.0,50,111,0.966
adaptive_full,49,39,0.9685460640450284,1.0,50,81,0.975
adaptive_full,49,40,0.7699975316722936,1.0,50,112,0.96
adaptive_full,49,41,0.9648185947507475,1.0,50,116,0.987
adaptive_full,49,42,0.9360502224117353,1.0,50,239,0.983
adaptive_full,49,43,0.21962452133625207,0.2,10,24,0.996
adaptive_full,49,44,0.21329010077268676,0.22,11,24,0.963
adaptive_full,49,45,0.03351527567410839,0.0,0,5,0.924
adaptive_full,49,46,0.26515151515151514,0.02,1,2,0.996
adaptive_full,49,47,0.3934785450246651,0.34,17,22,0.975
adaptive_full,49,48,0.5451403570643928,0.54,27,36,0.97
adaptive_full,49,49,0.7627507196740062,0.64,32,56,0.987
adaptive_budget,49,35,0.9923487899921637,1.0,50,182,0.0
adaptive_budget,49,36,0.9982683982683982,0.66,33,33,0.0
adaptive_budget,49,37,0.89853800951303,0.7,35,40,0.0
adaptive_budget,49,38,0.8580079883827126,1.0,50,111,0.966
adaptive_budget,49,39,0.6187551522692554,0.74,37,81,0.975
adaptive_budget,49,40,0.577137384897298,0.98,49,112,0.96
adaptive_budget,49,41,0.8805645178675803,1.0,50,116,0.987
adaptive_budget,49,42,0.7845994506574169,1.0,50,239,0.983
adaptive_budget,49,43,0.01432468576880359,0.0,0,24,0.996
adaptive_budget,49,44,0.035163717481557416,0.02,1,24,0.963
adaptive_budget,49,45,0.004883246503247138,0.0,0,5,0.924
adaptive_budget,49,46,0.5015197568389058,0.02,1,2,0.996
adaptive_budget,49,47,0.026185271899968922,0.0,0,22,0.975
adaptive_budget,49,48,0.08032258813703172,0.08,4,36,0.97
adaptive_budget,49,49,0.1384008074096024,0.04,2,56,0.987
aegis_cg,49,35,0.9923487899921637,1.0,50,182,0.0
aegis_cg,49,36,0.9982683982683982,0.66,33,33,0.0
aegis_cg,49,37,0.807604398522029,0.6,30,40,0.5
aegis_cg,49,38,0.9372102229125597,1.0,50,111,0.437
aegis_cg,49,39,0.948948617103018,1.0,50,81,0.462
aegis_cg,49,40,0.7511420846217969,0.98,49,112,0.477
aegis_cg,49,41,0.9599869055545939,1.0,50,116,0.486
aegis_cg,49,42,0.8809148852195859,1.0,50,239,0.492
aegis_cg,49,43,0.026676330110667588,0.0,0,24,0.495
aegis_cg,49,44,0.03762235515145825,0.04,2,24,0.495
aegis_cg,49,45,0.006085607789150117,0.0,0,5,0.596
aegis_cg,49,46,0.5023529411764706,0.02,1,2,0.596
aegis_cg,49,47,0.028453550873324383,0.02,1,22,0.903
aegis_cg,49,48,0.1482283385583001,0.1,5,36,0.903
aegis_cg,49,49,0.24569896239091366,0.08,4,56,0.914
static,50,35,0.9923487899921637,1.0,50,182,0.0
static,50,36,0.9982683982683982,0.66,33,33,0.0
static,50,37,0.89853800951303,0.7,35,40,0.0
static,50,38,0.9551131562643081,1.0,50,111,0.0
static,50,39,0.9638123261285105,1.0,50,81,0.0
static,50,40,0.7662205127386539,1.0,50,112,0.0
static,50,41,0.9632573410066195,1.0,50,116,0.0
static,50,42,0.8876061052547185,1.0,50,239,0.0
static,50,43,0.041118373999182826,0.0,0,24,0.0
static,50,44,0.04057950357931181,0.06,3,24,0.0
static,50,45,0.00791222944935011,0.0,0,5,0.0
static,50,46,0.25625,0.02,1,2,0.0
static,50,47,0.04041869605002592,0.0,0,22,0.0
static,50,48,0.18607923656383482,0.14,7,36,0.0
static,50,49,0.24203622405081957,0.06,3,56,0.0
adaptive_full,50,35,0.9923487899921637,1.0,50,182,0.0
adaptive_full,50,36,0.9982683982683982,0.66,33,33,0.0
adaptive_full,50,37,0.8588535972995508,0.58,29,40,0.985
adaptive_full,50,38,0.9467734412702548,1.0,50,111,0.966
adaptive_full,50,39,0.9685460640450284,1.0,50,81,0.975
adaptive_full,50,40,0.7699975316722936,1.0,50,112,0.96
adaptive_full,50,41,0.9648185947507475,1.0,50,116,0.987
adaptive_full,50,42,0.9360502224117353,1.0,50,239,0.983
adaptive_full,50,43,0.21962452133625207,0.2,10,24,0.996
adaptive_full,50,44,0.21329010077268676,0.22,11,24,0.963
adaptive_full,50,45,0.03351527567410839,0.0,0,5,0.924
adaptive_full,50,46,0.26515151515151514,0.02,1,2,0.996
adaptive_full,50,47,0.3934785450246651,0.34,17,22,0.975
adaptive_full,50,48,0.5451403570643928,0.54,27,36,0.97
adaptive_full,50,49,0.7627507196740062,0.64,32,56,0.987
adaptive_budget,50,35,0.9923487899921637,1.0,50,182,0.0
adaptive_budget,50,36,0.9982683982683982,0.66,33,33,0.0
adaptive_budget,50,37,0.89853800951303,0.7,35,40,0.0
adaptive_budget,50,38,0.8580079883827126,1.0,50,111,0.966
adaptive_budget,50,39,0.6187551522692554,0.74,37,81,0.975
adaptive_budget,50,40,0.577137384897298,0.98,49,112,0.96
adaptive_budget,50,41,0.8805645178675803,1.0,50,116,0.987
adaptive_budget,50,42,0.7845994506574169,1.0,50,239,0.983
adaptive_budget,50,43,0.01432468576880359,0.0,0,24,0.996
adaptive_budget,50,44,0.035163717481557416,0.02,1,24,0.963
adaptive_budget,50,45,0.004883246503247138,0.0,0,5,0.924
adaptive_budget,50,46,0.5015197568389058,0.02,1,2,0.996
adaptive_budget,50,47,0.026185271899968922,0.0,0,22,0.975
adaptive_budget,50,48,0.08032258813703172,0.08,4,36,0.97
adaptive_budget,50,49,0.1384008074096024,0.04,2,56,0.987
aegis_cg,50,35,0.9923487899921637,1.0,50,182,0.0
aegis_cg,50,36,0.9982683982683982,0.66,33,33,0.0
aegis_cg,50,37,0.8183274778392857,0.56,28,40,0.5
aegis_cg,50,38,0.9360763171181491,1.0,50,111,0.48
aegis_cg,50,39,0.9530227839490866,1.0,50,81,0.488
aegis_cg,50,40,0.7498094534127626,1.0,50,112,0.49
aegis_cg,50,41,0.9595213561136466,1.0,50,116,0.494
aegis_cg,50,42,0.8761293772975958,1.0,50,239,0.496
aegis_cg,50,43,0.043612351296141987,0.02,1,24,0.497
aegis_cg,50,44,0.05721286570317283,0.06,3,24,0.449
aegis_cg,50,45,0.005218905245393015,0.0,0,5,0.654
aegis_cg,50,46,0.5023094688221709,0.02,1,2,0.654
aegis_cg,50,47,0.04295596018401311,0.0,0,22,0.916
aegis_cg,50,48,0.09642775044925028,0.06,3,36,0.808
aegis_cg,50,49,0.20730074343294452,0.12,6,56,0.781
static,51,35,0.9923487899921637,1.0,50,182,0.0
static,51,36,0.9982683982683982,0.66,33,33,0.0
static,51,37,0.89853800951303,0.7,35,40,0.0
static,51,38,0.9551131562643081,1.0,50,111,0.0
static,51,39,0.9638123261285105,1.0,50,81,0.0
static,51,40,0.7662205127386539,1.0,50,112,0.0
static,51,41,0.9632573410066195,1.0,50,116,0.0
static,51,42,0.8876061052547185,1.0,50,239,0.0
static,51,43,0.041118373999182826,0.0,0,24,0.0
static,51,44,0.04057950357931181,0.06,3,24,0.0
static,51,45,0.00791222944935011,0.0,0,5,0.0
static,51,46,0.25625,0.02,1,2,0.0
static,51,47,0.04041869605002592,0.0,0,22,0.0
static,51,48,0.18607923656383482,0.14,7,36,0.0
static,51,49,0.24203622405081957,0.06,3,56,0.0
adaptive_full,51,35,0.9923487899921637,1.0,50,182,0.0
adaptive_full,51,36,0.9982683982683982,0.66,33,33,0.0
adaptive_full,51,37,0.8588535972995508,0.58,29,40,0.985
adaptive_full,51,38,0.9467734412702548,1.0,50,111,0.966
adaptive_full,51,39,0.9685460640450284,1.0,50,81,0.975
adaptive_full,51,40,0.7699975316722936,1.0,50,112,0.96
adaptive_full,51,41,0.9648185947507475,1.0,50,116,0.987
adaptive_full,51,42,0.9360502224117353,1.0,50,239,0.983
adaptive_full,51,43,0.21962452133625207,0.2,10,24,0.996
adaptive_full,51,44,0.21329010077268676,0.22,11,24,0.963
adaptive_full,51,45,0.03351527567410839,0.0,0,5,0.924
adaptive_full,51,46,0.26515151515151514,0.02,1,2,0.996
adaptive_full,51,47,0.3934785450246651,0.34,17,22,0.975
adaptive_full,51,48,0.5451403570643928,0.54,27,36,0.97
adaptive_full,51,49,0.7627507196740062,0.64,32,56,0.987
adaptive_budget,51,35,0.9923487899921637,1.0,50,182,0.0
adaptive_budget,51,36,0.9982683982683982,0.66,33,33,0.0
adaptive_budget,51,37,0.89853800951303,0.7,35,40,0.0
adaptive_budget,51,38,0.8580079883827126,1.0,50,111,0.966
adaptive_budget,51,39,0.6187551522692554,0.74,37,81,0.975
adaptive_budget,51,40,0.577137384897298,0.98,49,112,0.96
adaptive_budget,51,41,0.8805645178675803,1.0,50,116,0.987
adaptive_budget,51,42,0.7845994506574169,1.0,50,239,0.983
adaptive_budget,51,43,0.01432468576880359,0.0,0,24,0.996
adaptive_budget,51,44,0.035163717481557416,0.02,1,24,0.963
adaptive_budget,51,45,0.004883246503247138,0.0,0,5,0.924
adaptive_budget,51,46,0.5015197568389058,0.02,1,2,0.996
adaptive_budget,51,47,0.026185271899968922,0.0,0,22,0.975
adaptive_budget,51,48,0.08032258813703172,0.08,4,36,0.97
adaptive_budget,51,49,0.1384008074096024,0.04,2,56,0.987
aegis_cg,51,35,0.9923487899921637,1.0,50,182,0.0
aegis_cg,51,36,0.9982683982683982,0.66,33,33,0.0
aegis_cg,51,37,0.8222186075773358,0.58,29,40,0.5
aegis_cg,51,38,0.9395133101575915,1.0,50,111,0.438
aegis_cg,51,39,0.9606804737775674,1.0,50,81,0.463
aegis_cg,51,40,0.7554504358191524,1.0,50,112,0.478
aegis_cg,51,41,0.9575248601145416,1.0,50,116,0.486
aegis_cg,51,42,0.8769058501861913,1.0,50,239,0.492
aegis_cg,51,43,0.026698664361850744,0.04,2,24,0.495
aegis_cg,51,44,0.03480103059321822,0.04,2,24,0.495
aegis_cg,51,45,0.00413288389125459,0.0,0,5,0.747
aegis_cg,51,46,0.5021978021978022,0.02,1,2,0.747
aegis_cg,51,47,0.056686631086802955,0.08,4,22,0.934
aegis_cg,51,48,0.16484351603621653,0.24,12,36,0.837
aegis_cg,51,49,0.2635932669106091,0.18,9,56,0.714
