time_step,w_0,w_1,w_2,psi_0,psi_1,psi_2
35,0.0095,0.112,0.8785,0.6915,0.5683,0.4653
36,0.0104,0.1421,0.8475,0.7842,0.6534,0.5641
37,0.0152,0.2441,0.7406,0.8522,0.7136,0.6581
38,0.011,0.2012,0.7878,0.7411,0.5958,0.5276
39,0.0163,0.2118,0.7719,0.9112,0.7829,0.7183
40,0.046,0.1886,0.7655,0.747,0.6764,0.6063
41,0.0168,0.1548,0.8285,0.7592,0.6481,0.5642
42,0.0229,0.1896,0.7874,0.725,0.6194,0.5482
43,0.0306,0.1794,0.79,0.9285,0.8402,0.766
44,0.0505,0.1997,0.7498,0.6452,0.5765,0.5103
45,0.0358,0.2336,0.7305,0.7126,0.6189,0.5619
46,0.016,0.1669,0.8171,0.9913,0.8741,0.7947
47,0.0513,0.2697,0.679,0.814,0.7311,0.6849
48,0.0225,0.1864,0.791,0.8895,0.7838,0.7116
49,0.0099,0.1205,0.8696,0.8855,0.7607,0.6618
