time_step,n,base_rate,spearman,pr_auc,pr_auc_vs_random,prec_at_50,prec_vs_random,regime
35,1341,0.1357,0.5908,0.9923,0.8566,1.0,0.8643,pre-drift
36,1708,0.0193,0.2384,0.9983,0.9789,0.66,0.6407,pre-drift
37,498,0.0803,0.4525,0.8985,0.8182,0.7,0.6197,pre-drift
38,756,0.1468,0.5844,0.9551,0.8083,1.0,0.8532,pre-drift
39,1183,0.0685,0.4301,0.9638,0.8953,1.0,0.9315,pre-drift
40,1211,0.0925,0.3918,0.7662,0.6737,1.0,0.9075,pre-drift
41,1132,0.1025,0.5055,0.9633,0.8608,1.0,0.8975,pre-drift
42,2154,0.111,0.498,0.8876,0.7766,1.0,0.889,pre-drift
43,1370,0.0175,0.1188,0.0411,0.0236,0.0,-0.0175,post-drift
44,1591,0.0151,0.0652,0.0406,0.0255,0.06,0.0449,post-drift
45,1221,0.0041,0.0302,0.0079,0.0038,0.0,-0.0041,post-drift
46,712,0.0028,0.0711,0.2562,0.2534,0.02,0.0172,post-drift
47,846,0.026,0.1002,0.0404,0.0144,0.0,-0.026,post-drift
48,471,0.0764,0.259,0.1861,0.1096,0.14,0.0636,post-drift
49,476,0.1176,0.3177,0.242,0.1244,0.06,-0.0576,post-drift
