time_step,mean_psi
1,0.3456508138196269
2,0.36283657657543916
3,0.36357017907932637
4,0.3437643817082832
5,0.32658246439702354
6,0.6179707205892202
7,0.24406493415230196
8,0.25106728142361373
9,0.27920278947160454
10,0.3012842578469283
11,0.28231496956801866
12,0.2757059750461874
13,0.2668953021585677
14,0.29893809185041964
15,0.37404004705257254
16,0.39027693944043373
17,0.28644670707027814
18,0.3088721880442171
19,0.30429293803770513
20,0.2938360019349505
21,0.31613251609509696
22,0.2810168327885629
23,0.2873028342971843
24,0.2783094186752924
25,0.3318713175834823
26,0.373613253431132
27,0.4137886623394112
28,0.34519071414236663
29,0.3365886897131855
30,0.3245114440585847
31,0.3812525745771796
32,0.3921902478326699
33,0.5794262604824678
34,0.5269622205019135
35,0.47068941959087124
36,0.5367405176585591
37,0.5933005085558253
38,0.4718586349147403
39,0.5849744587242743
40,0.48972591419741346
41,0.5959092084502965
42,0.47817066713599
43,0.4902787507241372
44,0.462080424242159
45,0.47756543486863356
46,0.6687593594250119
47,0.4872909490788814
48,0.5087735631402059
49,0.48604884515047553
