policy,k,seed,caught_post,pos_labels_acquired_post,mean_pr_auc_post
greedy,25,42,7,7,0.1087943449072936
greedy,25,43,7,7,0.1087943449072936
greedy,25,44,7,7,0.1087943449072936
greedy,25,45,7,7,0.1087943449072936
greedy,25,46,7,7,0.1087943449072936
greedy,50,42,10,10,0.1305913605939924
greedy,50,43,10,10,0.1305913605939924
greedy,50,44,10,10,0.1305913605939924
greedy,50,45,10,10,0.1305913605939924
greedy,50,46,10,10,0.1305913605939924
greedy,100,42,55,55,0.15098315056204634
greedy,100,43,55,55,0.15098315056204634
greedy,100,44,55,55,0.15098315056204634
greedy,100,45,55,55,0.15098315056204634
greedy,100,46,55,55,0.15098315056204634
greedy,200,42,128,128,0.18290569237143892
greedy,200,43,128,128,0.18290569237143892
greedy,200,44,128,128,0.18290569237143892
greedy,200,45,128,128,0.18290569237143892
greedy,200,46,128,128,0.18290569237143892
eps10,25,42,13,13,0.179183350911029
eps10,25,43,8,8,0.13754741750520832
eps10,25,44,6,6,0.1359686302922655
eps10,25,45,11,11,0.16224565072091707
eps10,25,46,5,5,0.14638523161215547
eps10,50,42,27,27,0.17570742577900939
eps10,50,43,11,11,0.1326290322566515
eps10,50,44,23,23,0.15382369910086466
eps10,50,45,12,12,0.1269173416256993
eps10,50,46,16,16,0.10581404634922349
eps10,100,42,41,41,0.14203159227190193
eps10,100,43,72,72,0.19583894581751976
eps10,100,44,72,72,0.18308572724484634
eps10,100,45,59,59,0.15922997941661496
eps10,100,46,63,63,0.1716958023856557
eps10,200,42,121,121,0.1947722496534452
eps10,200,43,122,122,0.18827262076845774
eps10,200,44,133,133,0.23431379073272465
eps10,200,45,126,126,0.17819172700088856
eps10,200,46,124,124,0.16669418062060976
eps20,25,42,8,8,0.12061924180002939
eps20,25,43,7,7,0.14434310784871038
eps20,25,44,10,10,0.09806272973533263
eps20,25,45,8,8,0.14267962774084894
eps20,25,46,8,8,0.15875719739801558
eps20,50,42,15,15,0.1444426100781057
eps20,50,43,17,17,0.13664269240066435
eps20,50,44,14,14,0.13092063657594588
eps20,50,45,16,16,0.14522167219826274
eps20,50,46,21,21,0.14466355194868016
eps20,100,42,46,46,0.151769988554353
eps20,100,43,35,35,0.13688180515580417
eps20,100,44,40,40,0.14224648136318163
eps20,100,45,37,37,0.13725132199741422
eps20,100,46,39,39,0.144010879479209
eps20,200,42,116,116,0.16008289811159981
eps20,200,43,123,123,0.21606497264361188
eps20,200,44,116,116,0.15278342886243332
eps20,200,45,104,104,0.1713064063370106
eps20,200,46,121,121,0.19720311950140662
eps40,25,42,9,9,0.11243714982142954
eps40,25,43,7,7,0.1420501053855024
eps40,25,44,16,16,0.19853798056803673
eps40,25,45,12,12,0.15157332711400923
eps40,25,46,11,11,0.16112293234432692
eps40,50,42,11,11,0.1320076150665237
eps40,50,43,17,17,0.15036678235486103
eps40,50,44,19,19,0.13936274585399117
eps40,50,45,14,14,0.15608545635037135
eps40,50,46,30,30,0.18554524565543365
eps40,100,42,33,33,0.10294677645989037
eps40,100,43,58,58,0.1809859583953925
eps40,100,44,65,65,0.2194747432602338
eps40,100,45,28,28,0.14651798677101607
eps40,100,46,32,32,0.1518877376502525
eps40,200,42,116,116,0.22354614242154056
eps40,200,43,114,114,0.2091553892944245
eps40,200,44,94,94,0.1710121375400266
eps40,200,45,111,111,0.21587893520208862
eps40,200,46,123,123,0.2711252546723823
stratified,25,42,12,12,0.1456980932730061
stratified,25,43,16,16,0.1976965594304559
stratified,25,44,11,11,0.15409890430766526
stratified,25,45,26,26,0.21719457225345068
stratified,25,46,10,10,0.13283768943525337
stratified,50,42,26,26,0.17596141102624965
stratified,50,43,29,29,0.17013034328528126
stratified,50,44,12,12,0.12304242041632686
stratified,50,45,15,15,0.1242497556490642
stratified,50,46,9,9,0.14061811604524366
stratified,100,42,54,54,0.16910820532434245
stratified,100,43,38,38,0.14175304334893968
stratified,100,44,51,51,0.15787969319201564
stratified,100,45,41,41,0.14495821347811275
stratified,100,46,28,28,0.13163009895265956
stratified,200,42,102,102,0.12914884857106293
stratified,200,43,95,95,0.11456522389151234
stratified,200,44,117,117,0.17244247323732417
stratified,200,45,115,115,0.15096788006557849
stratified,200,46,118,118,0.2122328299303573
novelty,25,42,6,6,0.1596539463192878
novelty,25,43,6,6,0.1596539463192878
novelty,25,44,6,6,0.1596539463192878
novelty,25,45,6,6,0.1596539463192878
novelty,25,46,6,6,0.1596539463192878
novelty,50,42,14,14,0.1464161743800371
novelty,50,43,14,14,0.1464161743800371
novelty,50,44,14,14,0.1464161743800371
novelty,50,45,14,14,0.1464161743800371
novelty,50,46,14,14,0.1464161743800371
novelty,100,42,31,31,0.14863532422208284
novelty,100,43,31,31,0.14863532422208284
novelty,100,44,31,31,0.14863532422208284
novelty,100,45,31,31,0.14863532422208284
novelty,100,46,31,31,0.14863532422208284
novelty,200,42,124,124,0.2460778743518192
novelty,200,43,124,124,0.2460778743518192
novelty,200,44,124,124,0.2460778743518192
novelty,200,45,124,124,0.2460778743518192
novelty,200,46,124,124,0.2460778743518192
greedy,55,42,15,15,0.12047295693125858
greedy,60,42,27,27,0.15494849767073418
greedy,65,42,18,18,0.13322564535707285
greedy,70,42,23,23,0.13579170942785684
greedy,75,42,19,19,0.09549598943191993
greedy,80,42,28,28,0.1373819494289342
greedy,85,42,28,28,0.13822107886042365
greedy,90,42,21,21,0.1244553712164296
greedy,95,42,52,52,0.151452610589852
eps10,55,42,32,32,0.17089042282857037
eps10,55,43,13,13,0.13581821070778463
eps10,55,44,16,16,0.13448146936366348
eps10,55,45,12,12,0.13339522935208317
eps10,55,46,26,26,0.1426258585460861
eps10,60,42,15,15,0.13895623765127707
eps10,60,43,27,27,0.14735621380734473
eps10,60,44,13,13,0.1437172040402581
eps10,60,45,21,21,0.14082917422385047
eps10,60,46,11,11,0.12849072553523194
eps10,65,42,14,14,0.13018508433600054
eps10,65,43,52,52,0.20195218009052948
eps10,65,44,15,15,0.10629781442392668
eps10,65,45,17,17,0.13608922247457939
eps10,65,46,25,25,0.1526224578745788
eps10,70,42,18,18,0.1358907225225018
eps10,70,43,27,27,0.14970991525453212
eps10,70,44,23,23,0.13227308442876554
eps10,70,45,23,23,0.13006202008761722
eps10,70,46,23,23,0.1442505087851534
eps10,75,42,37,37,0.15093172855256673
eps10,75,43,62,62,0.21802814406839074
eps10,75,44,21,21,0.10360389780481594
eps10,75,45,57,57,0.17804198661074574
eps10,75,46,51,51,0.1680364986391866
eps10,80,42,67,67,0.1972719775843963
eps10,80,43,36,36,0.14861725874033446
eps10,80,44,63,63,0.1962549084639502
eps10,80,45,28,28,0.14402996733342618
eps10,80,46,24,24,0.14203309687642582
eps10,85,42,67,67,0.19441529268129193
eps10,85,43,22,22,0.1413299433292516
eps10,85,44,28,28,0.1435457477323622
eps10,85,45,28,28,0.12950697605735023
eps10,85,46,20,20,0.1300304433556559
eps10,90,42,31,31,0.1329335091846248
eps10,90,43,37,37,0.1380008063218465
eps10,90,44,29,29,0.13188532169834086
eps10,90,45,28,28,0.14355539728498726
eps10,90,46,31,31,0.09843706095235175
eps10,95,42,52,52,0.15907733401624266
eps10,95,43,41,41,0.1457210325898462
eps10,95,44,27,27,0.1368958196764685
eps10,95,45,36,36,0.10620148024718049
eps10,95,46,53,53,0.1550614541871998
