policy,k,seed,time_step,cum_pos_before,pr_auc,caught_step
greedy,55,42,43,0,0.0170741150397027,0
greedy,55,42,44,0,0.06758019158691335,3
greedy,55,42,45,3,0.006446249041316147,0
greedy,55,42,46,3,0.5018691588785047,1
greedy,55,42,47,4,0.016844208895651466,0
greedy,55,42,48,4,0.09273423118849407,7
greedy,55,42,49,11,0.14076254388822762,4
greedy,60,42,43,0,0.011461179848979902,0
greedy,60,42,44,0,0.08844925044357532,4
greedy,60,42,45,4,0.008051550181626257,0
greedy,60,42,46,4,0.5034364261168385,1
greedy,60,42,47,5,0.03708326638283106,2
greedy,60,42,48,7,0.19313315387714478,13
greedy,60,42,49,20,0.2430246568441432,7
greedy,65,42,43,0,0.013267033857786157,0
greedy,65,42,44,0,0.061714770288386386,2
greedy,65,42,45,2,0.004929678752749043,0
greedy,65,42,46,2,0.5025252525252525,1
greedy,65,42,47,3,0.025347592198706453,2
greedy,65,42,48,5,0.09725979906718794,5
greedy,65,42,49,10,0.22753539080944146,8
greedy,70,42,43,0,0.016444691462891556,0
greedy,70,42,44,0,0.06498079731678562,2
greedy,70,42,45,2,0.004601161086505356,0
greedy,70,42,46,2,0.5019305019305019,1
greedy,70,42,47,3,0.029821780876220182,2
greedy,70,42,48,5,0.10221730216539897,6
greedy,70,42,49,11,0.23054573115669433,12
greedy,75,42,43,0,0.01967919326357901,1
greedy,75,42,44,1,0.06643765171086836,2
greedy,75,42,45,3,0.006400273122738985,0
greedy,75,42,46,3,0.25157232704402516,1
greedy,75,42,47,4,0.02378045897401915,0
greedy,75,42,48,4,0.08268121637181856,5
greedy,75,42,49,9,0.21792080553639026,10
greedy,80,42,43,0,0.01448175911867524,0
greedy,80,42,44,0,0.06750182525410205,2
greedy,80,42,45,2,0.005185207339536434,0
greedy,80,42,46,2,0.5014903129657228,1
greedy,80,42,47,3,0.022101433638131544,1
greedy,80,42,48,4,0.0887233908837591,5
greedy,80,42,49,9,0.2621897168026123,19
greedy,85,42,43,0,0.02047201480691419,0
greedy,85,42,44,0,0.07016920393766335,2
greedy,85,42,45,2,0.0063580350683436135,0
greedy,85,42,46,2,0.5015948963317385,1
greedy,85,42,47,3,0.031802767954585656,3
greedy,85,42,48,6,0.11045398027513542,6
greedy,85,42,49,12,0.22669665364858474,16
greedy,90,42,43,0,0.020649438607045024,0
greedy,90,42,44,0,0.0710736251378245,2
greedy,90,42,45,2,0.006225207425754356,0
greedy,90,42,46,2,0.50187617260788,1
greedy,90,42,47,3,0.021339008249637196,0
greedy,90,42,48,3,0.09366713644244927,5
greedy,90,42,49,8,0.15635701004441696,13
greedy,95,42,43,0,0.022244436098354498,0
greedy,95,42,44,0,0.07955295977110637,3
greedy,95,42,45,3,0.006724770485142968,0
greedy,95,42,46,3,0.5027548209366391,1
greedy,95,42,47,4,0.03166759540790655,3
greedy,95,42,48,7,0.15752485147687148,14
greedy,95,42,49,21,0.25969883995294296,31
eps10,55,42,43,0,0.021505108960588472,0
eps10,55,42,44,0,0.04304892318168863,3
eps10,55,42,45,3,0.004394911298370611,0
eps10,55,42,46,3,0.5061728395061729,1
eps10,55,42,47,4,0.05232320901749695,2
eps10,55,42,48,6,0.2605915302515977,16
eps10,55,42,49,22,0.3081964375840773,10
eps10,55,43,43,0,0.016922804468217683,0
eps10,55,43,44,0,0.03692798009665206,2
eps10,55,43,45,2,0.004425212220874008,0
eps10,55,43,46,2,0.5056497175141242,1
eps10,55,43,47,3,0.04107865087407839,2
eps10,55,43,48,5,0.09480629096103227,4
eps10,55,43,49,9,0.2509168188195139,4
eps10,55,44,43,0,0.029448483916209675,0
eps10,55,44,44,0,0.07248318718062717,3
eps10,55,44,45,3,0.006426846862923644,0
eps10,55,44,46,3,0.5015082956259427,1
eps10,55,44,47,4,0.027563376699333314,0
eps10,55,44,48,4,0.1015876360394173,6
eps10,55,44,49,10,0.2023524592211905,6
eps10,55,45,43,0,0.01881158854099033,0
eps10,55,45,44,0,0.06427037581234792,2
eps10,55,45,45,2,0.006546088385899684,0
eps10,55,45,46,2,0.5027472527472527,1
eps10,55,45,47,3,0.029712023961259954,0
eps10,55,45,48,3,0.0971338245937888,4
eps10,55,45,49,7,0.21454545142304282,5
eps10,55,46,43,0,0.01590081151720954,1
eps10,55,46,44,1,0.04042808275215138,3
eps10,55,46,45,4,0.004794896575816315,0
eps10,55,46,46,4,0.5021141649048626,1
eps10,55,46,47,5,0.05064457773576717,4
eps10,55,46,48,9,0.10214652480212782,5
eps10,55,46,49,14,0.28235195153466774,12
eps10,60,42,43,0,0.01723286426841938,0
eps10,60,42,44,0,0.04706301343784304,3
eps10,60,42,45,3,0.00614393377786235,0
eps10,60,42,46,3,0.5024752475247525,1
eps10,60,42,47,4,0.029931302432786334,0
eps10,60,42,48,4,0.13500051561363063,7
eps10,60,42,49,11,0.23484678650364532,4
eps10,60,43,43,0,0.017014321274379456,1
eps10,60,43,44,1,0.038309606063007845,3
eps10,60,43,45,4,0.005094999449684235,0
eps10,60,43,46,4,0.5018450184501845,1
eps10,60,43,47,5,0.08775067131748863,7
eps10,60,43,48,12,0.11540284931576333,5
eps10,60,43,49,17,0.2660760307809051,10
eps10,60,44,43,0,0.01680116123377171,0
eps10,60,44,44,0,0.06718051039882733,1
eps10,60,44,45,1,0.003851736422482137,0
eps10,60,44,46,1,0.5018382352941176,1
eps10,60,44,47,2,0.0350099502920087,1
eps10,60,44,48,3,0.1705169161253016,8
eps10,60,44,49,11,0.2108219185152975,2
eps10,60,45,43,0,0.03281563467380955,2
eps10,60,45,44,2,0.04707515555537017,3
eps10,60,45,45,5,0.006789036490028967,0
eps10,60,45,46,5,0.5026385224274407,1
eps10,60,45,47,6,0.06120241827424814,5
eps10,60,45,48,11,0.11090480864805857,5
eps10,60,45,49,16,0.22437864349799713,5
eps10,60,46,43,0,0.029797516444563542,2
eps10,60,46,44,2,0.03428291681455591,1
eps10,60,46,45,3,0.004243675517774328,0
eps10,60,46,46,3,0.5023094688221709,1
eps10,60,46,47,4,0.017602338660859806,0
eps10,60,46,48,4,0.09098818701318834,4
eps10,60,46,49,8,0.22021097547351084,3
eps10,65,42,43,0,0.017344259496641392,0
eps10,65,42,44,0,0.06847533990739155,3
eps10,65,42,45,3,0.0064654129571732975,0
eps10,65,42,46,3,0.5024213075060533,1
eps10,65,42,47,4,0.026760042532310974,0
eps10,65,42,48,4,0.10346222078028912,7
eps10,65,42,49,11,0.18636700717214416,3
eps10,65,43,43,0,0.015339492496824668,0
eps10,65,43,44,0,0.06807004797276599,2
eps10,65,43,45,2,0.006051779526403655,0
eps10,65,43,46,2,0.5019723865877712,1
eps10,65,43,47,3,0.06222318313574544,5
eps10,65,43,48,8,0.44534566232871375,25
eps10,65,43,49,33,0.3146627085854817,19
eps10,65,44,43,0,0.015422087056984835,0
eps10,65,44,44,0,0.029714803047718875,2
eps10,65,44,45,2,0.005951242555563806,0
eps10,65,44,46,2,0.25609756097560976,1
eps10,65,44,47,3,0.026033378391716173,1
eps10,65,44,48,4,0.15845047075431187,5
eps10,65,44,49,9,0.2524151581855814,6
eps10,65,45,43,0,0.04808073489020206,2
eps10,65,45,44,2,0.07617251349815425,3
eps10,65,45,45,5,0.00946947913098407,0
eps10,65,45,46,5,0.5018975332068312,1
eps10,65,45,47,6,0.028940380641642106,1
eps10,65,45,48,7,0.09673940428680053,5
eps10,65,45,49,12,0.1913245116674416,5
eps10,65,46,43,0,0.024194336233435608,0
eps10,65,46,44,0,0.07342796709684989,3
eps10,65,46,45,3,0.006535335785479832,0
eps10,65,46,46,3,0.5018050541516246,1
eps10,65,46,47,4,0.06553885469827268,6
eps10,65,46,48,10,0.11439724296833173,5
eps10,65,46,49,15,0.2824584141880573,10
eps10,70,42,43,0,0.017379033132401512,1
eps10,70,42,44,1,0.07154286509073846,2
eps10,70,42,45,3,0.004661737815017099,0
eps10,70,42,46,3,0.5087719298245614,1
eps10,70,42,47,4,0.02998007612895389,2
eps10,70,42,48,6,0.11184525242506951,6
eps10,70,42,49,12,0.20705416324077078,6
eps10,70,43,43,0,0.01709763378728977,0
eps10,70,43,44,0,0.07092282059317234,3
eps10,70,43,45,3,0.004761474926837845,0
eps10,70,43,46,3,0.5023584905660378,1
eps10,70,43,47,4,0.057392910466611075,6
eps10,70,43,48,10,0.1421764988255553,7
eps10,70,43,49,17,0.2532595776162209,10
eps10,70,44,43,0,0.019875523288799133,1
eps10,70,44,44,1,0.07094989806633217,3
eps10,70,44,45,4,0.004827506433622096,0
eps10,70,44,46,4,0.5014858841010401,1
eps10,70,44,47,5,0.022120787243401135,0
eps10,70,44,48,5,0.13800754654797795,12
eps10,70,44,49,17,0.16864444532018597,6
eps10,70,45,43,0,0.01830618477761049,2
eps10,70,45,44,2,0.027685575900277683,3
eps10,70,45,45,5,0.005069380333699696,0
eps10,70,45,46,5,0.5019455252918288,1
eps10,70,45,47,6,0.058074930305317005,3
eps10,70,45,48,9,0.1426208198935213,9
eps10,70,45,49,18,0.15673172411106556,5
eps10,70,46,43,0,0.01760818428865361,1
eps10,70,46,44,1,0.03873192060851857,2
eps10,70,46,45,3,0.005076492804249167,0
eps10,70,46,46,3,0.5023364485981309,1
eps10,70,46,47,4,0.07001066221777669,6
eps10,70,46,48,10,0.14918092076294232,6
eps10,70,46,49,16,0.22680893221580264,7
eps10,75,42,43,0,0.014057525297628059,0
eps10,75,42,44,0,0.04298756255947595,3
eps10,75,42,45,3,0.006312083984445763,0
eps10,75,42,46,3,0.5020080321285141,1
eps10,75,42,47,4,0.043199536013380634,4
eps10,75,42,48,8,0.20456322555886333,15
eps10,75,42,49,23,0.24339413432565946,14
eps10,75,43,43,0,0.01782572224299193,1
eps10,75,43,44,1,0.08374316870293647,4
eps10,75,43,45,5,0.004311152215839983,0
eps10,75,43,46,5,0.504,1
eps10,75,43,47,6,0.3183909065827567,12
eps10,75,43,48,18,0.18951261414861176,17
eps10,75,43,49,35,0.4084134445855986,27
eps10,75,44,43,0,0.02019072083099159,2
eps10,75,44,44,2,0.04634011018887525,2
eps10,75,44,45,4,0.006360456833109834,0
eps10,75,44,46,4,0.253448275862069,1
eps10,75,44,47,5,0.04463788432031403,0
eps10,75,44,48,5,0.15909350154785265,7
eps10,75,44,49,12,0.19515633505049926,9
eps10,75,45,43,0,0.025823080024097354,1
eps10,75,45,44,1,0.06017948087264941,6
eps10,75,45,45,7,0.0056814464825447625,0
eps10,75,45,46,7,0.5059880239520959,1
eps10,75,45,47,8,0.07312544505846423,8
eps10,75,45,48,16,0.2180185165589137,15
eps10,75,45,49,31,0.3574779133264551,26
eps10,75,46,43,0,0.01887815544365805,0
eps10,75,46,44,0,0.04418839128036589,4
eps10,75,46,45,4,0.006085017653363836,0
eps10,75,46,46,4,0.5028985507246376,1
eps10,75,46,47,5,0.07396021185990967,6
eps10,75,46,48,11,0.2610004290907558,21
eps10,75,46,49,32,0.2692447344216153,19
eps10,80,42,43,0,0.024708191437729052,3
eps10,80,42,44,3,0.03738768891605239,4
eps10,80,42,45,7,0.00580785336134386,0
eps10,80,42,46,7,0.5050505050505051,2
eps10,80,42,47,9,0.03782701553107521,4
eps10,80,42,48,13,0.29164943535615423,21
eps10,80,42,49,34,0.4784731534379143,33
eps10,80,43,43,0,0.015851099643331944,1
eps10,80,43,44,1,0.07354810449902853,4
eps10,80,43,45,5,0.005015095410622504,0
eps10,80,43,46,5,0.5029850746268657,1
eps10,80,43,47,6,0.06070343790299654,6
eps10,80,43,48,12,0.12415441268386643,9
eps10,80,43,49,21,0.25806358641562954,15
eps10,80,44,43,0,0.023145767874108693,2
eps10,80,44,44,2,0.07335619149684183,4
eps10,80,44,45,6,0.006384916588926609,0
eps10,80,44,46,6,0.5125,1
eps10,80,44,47,7,0.06610318944743965,5
eps10,80,44,48,12,0.31039835298272517,21
eps10,80,44,49,33,0.38189594085760953,30
eps10,80,45,43,0,0.017351787198848105,0
eps10,80,45,44,0,0.06906066118936482,3
eps10,80,45,45,3,0.005054863912111832,0
eps10,80,45,46,3,0.5021978021978022,1
eps10,80,45,47,4,0.03805721843316716,3
eps10,80,45,48,7,0.09701077996652022,5
eps10,80,45,49,12,0.279476658436169,16
eps10,80,46,43,0,0.018266509853903472,0
eps10,80,46,44,0,0.06950378817752353,1
eps10,80,46,45,1,0.007113544549743972,0
eps10,80,46,46,1,0.50187265917603,1
eps10,80,46,47,2,0.030017658231099167,0
eps10,80,46,48,2,0.11168992567929184,10
eps10,80,46,49,12,0.25576759246738884,12
eps10,85,42,43,0,0.02677238249255737,3
eps10,85,42,44,3,0.04395574631052274,3
eps10,85,42,45,6,0.007395013850680799,0
eps10,85,42,46,6,0.5022271714922049,1
eps10,85,42,47,7,0.04785118005792516,2
eps10,85,42,48,9,0.3025550826490931,20
eps10,85,42,49,29,0.4301504719160596,38
eps10,85,43,43,0,0.01699512413406408,0
eps10,85,43,44,0,0.07337339730274688,3
eps10,85,43,45,3,0.00905731706314191,0
eps10,85,43,46,3,0.5048780487804878,1
eps10,85,43,47,4,0.03366530545500193,1
eps10,85,43,48,5,0.11130170423757023,7
eps10,85,43,49,12,0.24003870633174854,10
eps10,85,44,43,0,0.019243265647444337,0
eps10,85,44,44,0,0.065068078339826,3
eps10,85,44,45,3,0.005755165420692538,0
eps10,85,44,46,3,0.503257328990228,1
eps10,85,44,47,4,0.033523292530245524,1
eps10,85,44,48,5,0.1501328115706881,9
eps10,85,44,49,14,0.22784029162741068,14
eps10,85,45,43,0,0.02030361201211179,3
eps10,85,45,44,3,0.041845522631538026,3
eps10,85,45,45,6,0.006819415295645247,0
eps10,85,45,46,6,0.5021834061135371,1
eps10,85,45,47,7,0.028863623729776147,0
eps10,85,45,48,7,0.1288802256815425,9
eps10,85,45,49,16,0.17765302693730095,12
eps10,85,46,43,0,0.01335864852175354,0
eps10,85,46,44,0,0.0787908048542029,3
eps10,85,46,45,3,0.005933868635335011,0
eps10,85,46,46,3,0.5030395136778115,1
eps10,85,46,47,4,0.02262541648531801,0
eps10,85,46,48,4,0.09900484370740398,6
eps10,85,46,49,10,0.18746000760776627,10
eps10,90,42,43,0,0.025165930248479372,2
eps10,90,42,44,2,0.07799098673980519,5
eps10,90,42,45,7,0.00570261883160379,0
eps10,90,42,46,7,0.503731343283582,1
eps10,90,42,47,8,0.033051209785544426,0
eps10,90,42,48,8,0.11354667624682327,10
eps10,90,42,49,18,0.1713457991565353,13
eps10,90,43,43,0,0.023244987296615637,3
eps10,90,43,44,3,0.038924612769736903,1
eps10,90,43,45,4,0.006156554862966306,0
eps10,90,43,46,4,0.502053388090349,1
eps10,90,43,47,5,0.03350610536432823,2
eps10,90,43,48,7,0.1343309379482956,9
eps10,90,43,49,16,0.2277890579206339,21
eps10,90,44,43,0,0.016226884696825466,0
eps10,90,44,44,0,0.038150899414379096,4
eps10,90,44,45,4,0.006847074209205772,0
eps10,90,44,46,4,0.5033670033670034,1
eps10,90,44,47,5,0.03384698765096218,2
eps10,90,44,48,7,0.1122183934745751,6
eps10,90,44,49,13,0.21254000907543505,16
eps10,90,45,43,0,0.019604307356661736,0
eps10,90,45,44,0,0.0844699644451305,4
eps10,90,45,45,4,0.005532854998209666,0
eps10,90,45,46,4,0.5015923566878981,1
eps10,90,45,47,5,0.04403663172161684,2
eps10,90,45,48,7,0.11303721636369182,5
eps10,90,45,49,12,0.2366144494217021,16
eps10,90,46,43,0,0.024402011486493673,2
eps10,90,46,44,2,0.03511941732766625,2
eps10,90,46,45,4,0.006303420962368969,0
eps10,90,46,46,4,0.2527624309392265,1
eps10,90,46,47,5,0.027521467683611384,1
eps10,90,46,48,6,0.1140335396872441,8
eps10,90,46,49,14,0.2289171385798514,17
eps10,95,42,43,0,0.016150409366871246,2
eps10,95,42,44,2,0.041186434225409005,3
eps10,95,42,45,5,0.008570125262288371,1
eps10,95,42,46,6,0.5019193857965452,1
eps10,95,42,47,7,0.16470873936338565,13
eps10,95,42,48,20,0.14400533436372603,11
eps10,95,42,49,31,0.23700090973547325,21
eps10,95,43,43,0,0.01612520955563585,1
eps10,95,43,44,1,0.07064515138767058,4
eps10,95,43,45,5,0.008872805381940083,0
eps10,95,43,46,5,0.5075757575757576,1
eps10,95,43,47,6,0.03623567685567311,4
eps10,95,43,48,10,0.14292507775937816,10
eps10,95,43,49,20,0.23766754961286815,21
eps10,95,44,43,0,0.01475285933938807,0
eps10,95,44,44,0,0.07300793077723401,3
eps10,95,44,45,3,0.00617019185711613,0
eps10,95,44,46,3,0.5042918454935622,1
eps10,95,44,47,4,0.03195353217891025,1
eps10,95,44,48,5,0.11878055974166665,8
eps10,95,44,49,13,0.209313818347402,14
eps10,95,45,43,0,0.01965150582448808,0
eps10,95,45,44,0,0.042337905302239735,2
eps10,95,45,45,2,0.007010083375111254,0
eps10,95,45,46,2,0.25636942675159236,1
eps10,95,45,47,3,0.04515168991346786,6
eps10,95,45,48,9,0.13316011689922308,10
eps10,95,45,49,19,0.23972963366414102,17
eps10,95,46,43,0,0.021072732881196377,2
eps10,95,46,44,2,0.03982774394933378,3
eps10,95,46,45,5,0.006868911216246889,0
eps10,95,46,46,5,0.5027397260273972,1
eps10,95,46,47,6,0.04140236925608355,3
eps10,95,46,48,9,0.18736177191830117,16
eps10,95,46,49,25,0.2861569240618397,28
