mode,delay,noise,seed,caught_post,mean_pr_auc_post
adaptive_full,1,0.0,42,76,0.24101055265049595
adaptive_full,1,0.0,43,76,0.24101055265049595
adaptive_full,1,0.0,44,76,0.24101055265049595
adaptive_full,1,0.0,45,76,0.24101055265049595
adaptive_full,1,0.0,46,76,0.24101055265049595
adaptive_full,1,0.1,42,36,0.1565362883962542
adaptive_full,1,0.1,43,47,0.17009641994349037
adaptive_full,1,0.1,44,55,0.18181917759293273
adaptive_full,1,0.1,45,38,0.14418889335089796
adaptive_full,1,0.1,46,52,0.2014530340023322
adaptive_full,1,0.25,42,26,0.08334873023563506
adaptive_full,1,0.25,43,34,0.15356402094389776
adaptive_full,1,0.25,44,45,0.1555240247381182
adaptive_full,1,0.25,45,22,0.13971161045304067
adaptive_full,1,0.25,46,16,0.12477027688088348
adaptive_full,2,0.0,42,65,0.26029575758694584
adaptive_full,2,0.0,43,65,0.26029575758694584
adaptive_full,2,0.0,44,65,0.26029575758694584
adaptive_full,2,0.0,45,65,0.26029575758694584
adaptive_full,2,0.0,46,65,0.26029575758694584
adaptive_full,2,0.1,42,44,0.1498688870590046
adaptive_full,2,0.1,43,40,0.13607342753980015
adaptive_full,2,0.1,44,48,0.15420130999569315
adaptive_full,2,0.1,45,47,0.2044181754947238
adaptive_full,2,0.1,46,44,0.15254666391191438
adaptive_full,2,0.25,42,18,0.09022895949318092
adaptive_full,2,0.25,43,26,0.08628877189110849
adaptive_full,2,0.25,44,36,0.12327136110579782
adaptive_full,2,0.25,45,23,0.14596702576499515
adaptive_full,2,0.25,46,26,0.1048585836564208
adaptive_full,4,0.0,42,75,0.26817273122435753
adaptive_full,4,0.0,43,75,0.26817273122435753
adaptive_full,4,0.0,44,75,0.26817273122435753
adaptive_full,4,0.0,45,75,0.26817273122435753
adaptive_full,4,0.0,46,75,0.26817273122435753
adaptive_full,4,0.1,42,23,0.14807568579034483
adaptive_full,4,0.1,43,31,0.13555274722290717
adaptive_full,4,0.1,44,42,0.142060519640776
adaptive_full,4,0.1,45,49,0.20660593446880585
adaptive_full,4,0.1,46,55,0.21114318478118213
adaptive_full,4,0.25,42,17,0.08855126137224287
adaptive_full,4,0.25,43,20,0.09921311186157945
adaptive_full,4,0.25,44,31,0.1022306144227407
adaptive_full,4,0.25,45,34,0.1653548985916061
adaptive_full,4,0.25,46,22,0.13333506230374978
aegis_cg,1,0.0,42,50,0.2087959815233061
aegis_cg,1,0.0,43,11,0.12393398171798532
aegis_cg,1,0.0,44,17,0.12885986027339064
aegis_cg,1,0.0,45,42,0.18370246138416538
aegis_cg,1,0.0,46,17,0.14195166452511557
aegis_cg,1,0.1,42,52,0.21580774256358445
aegis_cg,1,0.1,43,14,0.1318057466625347
aegis_cg,1,0.1,44,11,0.12903070228750854
aegis_cg,1,0.1,45,10,0.11770015985403859
aegis_cg,1,0.1,46,30,0.14711625986531643
aegis_cg,1,0.25,42,10,0.08106468900103045
aegis_cg,1,0.25,43,10,0.09006643756780604
aegis_cg,1,0.25,44,6,0.03549205761768981
aegis_cg,1,0.25,45,7,0.11015976013866204
aegis_cg,1,0.25,46,27,0.15239281199628524
aegis_cg,2,0.0,42,40,0.20454859588492932
aegis_cg,2,0.0,43,28,0.15296383243450315
aegis_cg,2,0.0,44,20,0.13922981174281454
aegis_cg,2,0.0,45,16,0.14218281647992478
aegis_cg,2,0.0,46,17,0.15373016682323976
aegis_cg,2,0.1,42,12,0.11950471483483198
aegis_cg,2,0.1,43,22,0.13627906302500398
aegis_cg,2,0.1,44,11,0.11430410274503336
aegis_cg,2,0.1,45,14,0.11573618818346287
aegis_cg,2,0.1,46,37,0.17268287437726895
aegis_cg,2,0.25,42,11,0.11466431582739049
aegis_cg,2,0.25,43,19,0.12946042653515547
aegis_cg,2,0.25,44,17,0.05565512408074522
aegis_cg,2,0.25,45,9,0.11340554829995556
aegis_cg,2,0.25,46,16,0.14388857953093015
aegis_cg,4,0.0,42,28,0.1259215444260897
aegis_cg,4,0.0,43,35,0.13766832291017986
aegis_cg,4,0.0,44,30,0.12518546080001108
aegis_cg,4,0.0,45,27,0.13133565551236678
aegis_cg,4,0.0,46,27,0.13332951506074875
aegis_cg,4,0.1,42,39,0.18844789035138657
aegis_cg,4,0.1,43,16,0.12985653627748575
aegis_cg,4,0.1,44,15,0.08423408252858329
aegis_cg,4,0.1,45,42,0.14523331390945066
aegis_cg,4,0.1,46,26,0.11871910131459003
aegis_cg,4,0.25,42,12,0.08159620580281098
aegis_cg,4,0.25,43,13,0.12340172932276884
aegis_cg,4,0.25,44,6,0.04184909186610254
aegis_cg,4,0.25,45,11,0.12180961226268147
aegis_cg,4,0.25,46,46,0.12024097147187374
adaptive_full,1,0.0,42,98,0.34756443352823235
adaptive_full,1,0.0,43,98,0.34756443352823235
adaptive_full,1,0.0,44,98,0.34756443352823235
adaptive_full,1,0.0,45,98,0.34756443352823235
adaptive_full,1,0.0,46,98,0.34756443352823235
adaptive_full,1,0.1,42,40,0.1440679674089537
adaptive_full,1,0.1,43,58,0.17267082392455796
adaptive_full,1,0.1,44,64,0.17522591105679602
adaptive_full,1,0.1,45,42,0.1251671686584093
adaptive_full,1,0.1,46,61,0.18864089533571038
adaptive_full,1,0.25,42,23,0.07288498831955358
adaptive_full,1,0.25,43,35,0.09853254867825682
adaptive_full,1,0.25,44,47,0.1346675911009628
adaptive_full,1,0.25,45,23,0.06573787514128836
adaptive_full,1,0.25,46,14,0.1185260438659496
adaptive_full,2,0.0,42,82,0.3224983966463176
adaptive_full,2,0.0,43,82,0.3224983966463176
adaptive_full,2,0.0,44,82,0.3224983966463176
adaptive_full,2,0.0,45,82,0.3224983966463176
adaptive_full,2,0.0,46,82,0.3224983966463176
adaptive_full,2,0.1,42,47,0.14047280746024013
adaptive_full,2,0.1,43,42,0.13357941631743503
adaptive_full,2,0.1,44,55,0.1578652269683643
adaptive_full,2,0.1,45,49,0.2272257402717784
adaptive_full,2,0.1,46,45,0.16066432936707836
adaptive_full,2,0.25,42,16,0.05595461335120135
adaptive_full,2,0.25,43,26,0.07988445191699738
adaptive_full,2,0.25,44,34,0.08939874724917571
adaptive_full,2,0.25,45,23,0.09726073562483395
adaptive_full,2,0.25,46,27,0.07181990967767338
adaptive_full,4,0.0,42,89,0.3098912733801354
adaptive_full,4,0.0,43,89,0.3098912733801354
adaptive_full,4,0.0,44,89,0.3098912733801354
adaptive_full,4,0.0,45,89,0.3098912733801354
adaptive_full,4,0.0,46,89,0.3098912733801354
adaptive_full,4,0.1,42,23,0.15185372545684775
adaptive_full,4,0.1,43,38,0.14548229172268906
adaptive_full,4,0.1,44,45,0.1467131932304882
adaptive_full,4,0.1,45,50,0.2175043894148295
adaptive_full,4,0.1,46,61,0.23345754223378876
adaptive_full,4,0.25,42,15,0.05301197852251288
adaptive_full,4,0.25,43,22,0.06405682884311915
adaptive_full,4,0.25,44,32,0.08147735075913418
adaptive_full,4,0.25,45,34,0.1087522626824818
adaptive_full,4,0.25,46,24,0.09799623550673361
