model,regime,seed,time_step,pr_auc,precision_at_k,illicit_caught,n_illicit
arf,full,42,35,0.9752219240807962,1.0,50,182
arf,full,42,36,0.9850731056647984,0.64,32,33
arf,full,42,37,0.6163072980408973,0.46,23,40
arf,full,42,38,0.9092266861030006,1.0,50,111
arf,full,42,39,0.8481175843727217,1.0,50,81
arf,full,42,40,0.6759355351692028,1.0,50,112
arf,full,42,41,0.9503196377666231,1.0,50,116
arf,full,42,42,0.8010424351548566,1.0,50,239
arf,full,42,43,0.017406694545567546,0.0,0,24
arf,full,42,44,0.0672744707087671,0.1,5,24
arf,full,42,45,0.11963395821894529,0.04,2,5
arf,full,42,46,0.5074626865671642,0.02,1,2
arf,full,42,47,0.04441937293520309,0.02,1,22
arf,full,42,48,0.36098126284082205,0.3,15,36
arf,full,42,49,0.7684163574033183,0.74,37,56
arf,budget,42,35,0.9752219240807962,1.0,50,182
arf,budget,42,36,0.9461009519163577,0.6,30,33
arf,budget,42,37,0.7083900886260256,0.54,27,40
arf,budget,42,38,0.9285368484820316,1.0,50,111
arf,budget,42,39,0.9125884848367739,1.0,50,81
arf,budget,42,40,0.7453043757458327,1.0,50,112
arf,budget,42,41,0.9597616687436478,1.0,50,116
arf,budget,42,42,0.8491690116610137,1.0,50,239
arf,budget,42,43,0.045443690738704884,0.06,3,24
arf,budget,42,44,0.06621183334193409,0.04,2,24
arf,budget,42,45,0.04313101775995626,0.04,2,5
arf,budget,42,46,0.5041152263374485,0.02,1,2
arf,budget,42,47,0.025271410549719108,0.0,0,22
arf,budget,42,48,0.12997137245288448,0.1,5,36
arf,budget,42,49,0.14275507936180717,0.1,5,56
srp,full,42,35,0.9791835432192674,1.0,50,182
srp,full,42,36,0.959356489796445,0.64,32,33
srp,full,42,37,0.6593131256005553,0.5,25,40
srp,full,42,38,0.9343709258365458,1.0,50,111
srp,full,42,39,0.9054368276546086,1.0,50,81
srp,full,42,40,0.731669668233547,1.0,50,112
srp,full,42,41,0.9600958362853598,1.0,50,116
srp,full,42,42,0.8672721178761517,1.0,50,239
srp,full,42,43,0.06347920161915267,0.08,4,24
srp,full,42,44,0.06562999404638889,0.06,3,24
srp,full,42,45,0.07951667800675886,0.04,2,5
srp,full,42,46,0.037659811006114506,0.02,1,2
srp,full,42,47,0.05356704521700167,0.08,4,22
srp,full,42,48,0.23252675751168214,0.22,11,36
srp,full,42,49,0.6804959403625521,0.58,29,56
srp,budget,42,35,0.9791835432192674,1.0,50,182
srp,budget,42,36,0.9720098823258755,0.64,32,33
srp,budget,42,37,0.7144364973167864,0.5,25,40
srp,budget,42,38,0.9450747743710074,1.0,50,111
srp,budget,42,39,0.9370220386989373,1.0,50,81
srp,budget,42,40,0.7581050111576234,1.0,50,112
srp,budget,42,41,0.9563044098933438,1.0,50,116
srp,budget,42,42,0.8610103626569077,1.0,50,239
srp,budget,42,43,0.01972912950708927,0.0,0,24
srp,budget,42,44,0.027398908024111185,0.02,1,24
srp,budget,42,45,0.005350718003237968,0.0,0,5
srp,budget,42,46,0.2518248175182482,0.02,1,2
srp,budget,42,47,0.04000296877879935,0.06,3,22
srp,budget,42,48,0.17826849982637735,0.24,12,36
srp,budget,42,49,0.4402774099963905,0.46,23,56
hat,full,42,35,0.6974720093006284,0.86,43,182
hat,full,42,36,0.19507399622868699,0.2,10,33
hat,full,42,37,0.6857585603824741,0.56,28,40
hat,full,42,38,0.5270951189632402,0.6,30,111
hat,full,42,39,0.5971174900617242,0.54,27,81
hat,full,42,40,0.44047789660954934,0.62,31,112
hat,full,42,41,0.7770280123001184,0.78,39,116
hat,full,42,42,0.3716917123584999,0.4,20,239
hat,full,42,43,0.03812523075474111,0.0,0,24
hat,full,42,44,0.031192983021843573,0.0,0,24
hat,full,42,45,0.005181648411641782,0.0,0,5
hat,full,42,46,0.0068051890941073,0.0,0,2
hat,full,42,47,0.08327252575925503,0.1,5,22
hat,full,42,48,0.28324715470500783,0.22,11,36
hat,full,42,49,0.4804658834531129,0.44,22,56
hat,budget,42,35,0.6974720093006284,0.86,43,182
hat,budget,42,36,0.1950274664597233,0.14,7,33
hat,budget,42,37,0.5701806753164461,0.48,24,40
hat,budget,42,38,0.8193556766889789,0.96,48,111
hat,budget,42,39,0.6501798511969386,0.66,33,81
hat,budget,42,40,0.4867648479636403,0.68,34,112
hat,budget,42,41,0.8572715456616912,0.9,45,116
hat,budget,42,42,0.7269761417020316,0.8,40,239
hat,budget,42,43,0.015213723632208832,0.0,0,24
hat,budget,42,44,0.01263335339113576,0.0,0,24
hat,budget,42,45,0.0038458913458913457,0.0,0,5
hat,budget,42,46,0.004194365305476417,0.0,0,2
hat,budget,42,47,0.03414955906977184,0.04,2,22
hat,budget,42,48,0.11842204938552547,0.04,2,36
hat,budget,42,49,0.1917335760215017,0.1,5,56
arf,full,42,35,0.9752219240807962,1.0,50,182
arf,full,42,36,0.9850731056647984,0.64,32,33
arf,full,42,37,0.6163072980408973,0.46,23,40
arf,full,42,38,0.9092266861030006,1.0,50,111
arf,full,42,39,0.8481175843727217,1.0,50,81
arf,full,42,40,0.6759355351692028,1.0,50,112
arf,full,42,41,0.9503196377666231,1.0,50,116
arf,full,42,42,0.8010424351548566,1.0,50,239
arf,full,42,43,0.017406694545567546,0.0,0,24
arf,full,42,44,0.0672744707087671,0.1,5,24
arf,full,42,45,0.11963395821894529,0.04,2,5
arf,full,42,46,0.5074626865671642,0.02,1,2
arf,full,42,47,0.04441937293520309,0.02,1,22
arf,full,42,48,0.36098126284082205,0.3,15,36
arf,full,42,49,0.7684163574033183,0.74,37,56
arf,full,43,35,0.9740258599733747,1.0,50,182
arf,full,43,36,0.9723616983791402,0.64,32,33
arf,full,43,37,0.7007001854121515,0.56,28,40
arf,full,43,38,0.9206740286015347,1.0,50,111
arf,full,43,39,0.8871609731048404,1.0,50,81
arf,full,43,40,0.6575732418748378,1.0,50,112
arf,full,43,41,0.9422716905047716,1.0,50,116
arf,full,43,42,0.8473289863865998,1.0,50,239
arf,full,43,43,0.08437823377466107,0.06,3,24
arf,full,43,44,0.06060885660785844,0.06,3,24
arf,full,43,45,0.025446369177834334,0.02,1,5
arf,full,43,46,0.009483998561668464,0.0,0,2
arf,full,43,47,0.03773205968475885,0.02,1,22
arf,full,43,48,0.20112493084521774,0.22,11,36
arf,full,43,49,0.788711439961606,0.74,37,56
arf,full,44,35,0.959625188798254,1.0,50,182
arf,full,44,36,0.9807694813721316,0.64,32,33
arf,full,44,37,0.5802132916501577,0.42,21,40
arf,full,44,38,0.9135623562762165,1.0,50,111
arf,full,44,39,0.8920162537432224,1.0,50,81
arf,full,44,40,0.7038185201332385,1.0,50,112
arf,full,44,41,0.9434380848719038,1.0,50,116
arf,full,44,42,0.8405062826134604,1.0,50,239
arf,full,44,43,0.05261946939149264,0.04,2,24
arf,full,44,44,0.040677911766184405,0.04,2,24
arf,full,44,45,0.009998151017669193,0.02,1,5
arf,full,44,46,0.05896805896805897,0.02,1,2
arf,full,44,47,0.05897294699463581,0.0,0,22
arf,full,44,48,0.41683073701538437,0.36,18,36
arf,full,44,49,0.6226446541634592,0.6,30,56
arf,full,45,35,0.9665669361262821,1.0,50,182
arf,full,45,36,0.936079552576914,0.62,31,33
arf,full,45,37,0.5553645089258816,0.44,22,40
arf,full,45,38,0.8818526793975532,1.0,50,111
arf,full,45,39,0.838350340218011,1.0,50,81
arf,full,45,40,0.7153429038189135,1.0,50,112
arf,full,45,41,0.9082228571763702,1.0,50,116
arf,full,45,42,0.8316035968895137,1.0,50,239
arf,full,45,43,0.045183628870255024,0.02,1,24
arf,full,45,44,0.04553776992276832,0.08,4,24
arf,full,45,45,0.22452529775059263,0.04,2,5
arf,full,45,46,0.0312111801242236,0.02,1,2
arf,full,45,47,0.043387750505902926,0.0,0,22
arf,full,45,48,0.1909637928368351,0.24,12,36
arf,full,45,49,0.6106304946395296,0.58,29,56
arf,full,46,35,0.9720610314922467,1.0,50,182
arf,full,46,36,0.9950944855251076,0.66,33,33
arf,full,46,37,0.6821813266807255,0.5,25,40
arf,full,46,38,0.8054050594215507,0.98,49,111
arf,full,46,39,0.8990490930967455,1.0,50,81
arf,full,46,40,0.6671881905077797,0.98,49,112
arf,full,46,41,0.8996207959441552,1.0,50,116
arf,full,46,42,0.860831331186185,1.0,50,239
arf,full,46,43,0.059661003519392956,0.08,4,24
arf,full,46,44,0.09081371724784311,0.08,4,24
arf,full,46,45,0.02305360990447978,0.04,2,5
arf,full,46,46,0.1721014492753623,0.02,1,2
arf,full,46,47,0.04722800218900343,0.06,3,22
arf,full,46,48,0.2467038453271381,0.28,14,36
arf,full,46,49,0.2614364096474791,0.32,16,56
arf,budget,42,35,0.9752219240807962,1.0,50,182
arf,budget,42,36,0.9461009519163577,0.6,30,33
arf,budget,42,37,0.7083900886260256,0.54,27,40
arf,budget,42,38,0.9285368484820316,1.0,50,111
arf,budget,42,39,0.9125884848367739,1.0,50,81
arf,budget,42,40,0.7453043757458327,1.0,50,112
arf,budget,42,41,0.9597616687436478,1.0,50,116
arf,budget,42,42,0.8491690116610137,1.0,50,239
arf,budget,42,43,0.045443690738704884,0.06,3,24
arf,budget,42,44,0.06621183334193409,0.04,2,24
arf,budget,42,45,0.04313101775995626,0.04,2,5
arf,budget,42,46,0.5041152263374485,0.02,1,2
arf,budget,42,47,0.025271410549719108,0.0,0,22
arf,budget,42,48,0.12997137245288448,0.1,5,36
arf,budget,42,49,0.14275507936180717,0.1,5,56
arf,budget,43,35,0.9740258599733747,1.0,50,182
arf,budget,43,36,0.8254089348907803,0.54,27,33
arf,budget,43,37,0.8062745163781495,0.62,31,40
arf,budget,43,38,0.9212182216488959,1.0,50,111
arf,budget,43,39,0.9434391490685461,1.0,50,81
arf,budget,43,40,0.714692352013782,1.0,50,112
arf,budget,43,41,0.9569275943491771,1.0,50,116
arf,budget,43,42,0.8444798837559573,1.0,50,239
arf,budget,43,43,0.014143880525324944,0.0,0,24
arf,budget,43,44,0.0651329025054574,0.04,2,24
arf,budget,43,45,0.008097145525193285,0.0,0,5
arf,budget,43,46,0.5017035775127768,0.02,1,2
arf,budget,43,47,0.0601454343048149,0.02,1,22
arf,budget,43,48,0.12619181816789335,0.12,6,36
arf,budget,43,49,0.32472278008897404,0.26,13,56
arf,budget,44,35,0.959625188798254,1.0,50,182
arf,budget,44,36,0.7490671476845707,0.48,24,33
arf,budget,44,37,0.7102128459377827,0.52,26,40
arf,budget,44,38,0.9297657881921827,1.0,50,111
arf,budget,44,39,0.9143479180251028,1.0,50,81
arf,budget,44,40,0.6945324674746456,1.0,50,112
arf,budget,44,41,0.9381869641256029,1.0,50,116
arf,budget,44,42,0.8118812773842474,1.0,50,239
arf,budget,44,43,0.019844241430186524,0.0,0,24
arf,budget,44,44,0.0498680046240691,0.04,2,24
arf,budget,44,45,0.004100263762116233,0.0,0,5
arf,budget,44,46,0.5045045045045045,0.02,1,2
arf,budget,44,47,0.039151540161990406,0.0,0,22
arf,budget,44,48,0.12847516871471454,0.1,5,36
arf,budget,44,49,0.17771476358927213,0.14,7,56
arf,budget,45,35,0.9665669361262821,1.0,50,182
arf,budget,45,36,0.7624049489596089,0.5,25,33
arf,budget,45,37,0.6898513653549962,0.52,26,40
arf,budget,45,38,0.9384657288286586,1.0,50,111
arf,budget,45,39,0.9031539807825799,1.0,50,81
arf,budget,45,40,0.6998662996894012,1.0,50,112
arf,budget,45,41,0.9281692435050579,1.0,50,116
arf,budget,45,42,0.84488223447189,1.0,50,239
arf,budget,45,43,0.0232916452394788,0.0,0,24
arf,budget,45,44,0.030763349806576717,0.08,4,24
arf,budget,45,45,0.027824867230276433,0.04,2,5
arf,budget,45,46,0.6,0.04,2,2
arf,budget,45,47,0.04650375412859509,0.08,4,22
arf,budget,45,48,0.3838747917240265,0.36,18,36
arf,budget,45,49,0.1741654520783953,0.1,5,56
arf,budget,46,35,0.9720610314922467,1.0,50,182
arf,budget,46,36,0.9682228792848169,0.66,33,33
arf,budget,46,37,0.6928904203550206,0.5,25,40
arf,budget,46,38,0.9329573733581756,1.0,50,111
arf,budget,46,39,0.9392339229304314,1.0,50,81
arf,budget,46,40,0.6952924477680988,1.0,50,112
arf,budget,46,41,0.9160989419821293,1.0,50,116
arf,budget,46,42,0.8332021916862387,1.0,50,239
arf,budget,46,43,0.04888462572250286,0.06,3,24
arf,budget,46,44,0.027245159823837965,0.02,1,24
arf,budget,46,45,0.004735195160574637,0.0,0,5
arf,budget,46,46,0.5043103448275862,0.02,1,2
arf,budget,46,47,0.023414456928755763,0.0,0,22
arf,budget,46,48,0.10691843103607811,0.1,5,36
arf,budget,46,49,0.6956768192286052,0.72,36,56
srp,full,42,35,0.9791835432192674,1.0,50,182
srp,full,42,36,0.959356489796445,0.64,32,33
srp,full,42,37,0.6593131256005553,0.5,25,40
srp,full,42,38,0.9343709258365458,1.0,50,111
srp,full,42,39,0.9054368276546086,1.0,50,81
srp,full,42,40,0.731669668233547,1.0,50,112
srp,full,42,41,0.9600958362853598,1.0,50,116
srp,full,42,42,0.8672721178761517,1.0,50,239
srp,full,42,43,0.06347920161915267,0.08,4,24
srp,full,42,44,0.06562999404638889,0.06,3,24
srp,full,42,45,0.07951667800675886,0.04,2,5
srp,full,42,46,0.037659811006114506,0.02,1,2
srp,full,42,47,0.05356704521700167,0.08,4,22
srp,full,42,48,0.23252675751168214,0.22,11,36
srp,full,42,49,0.6804959403625521,0.58,29,56
srp,full,43,35,0.9827289343776844,1.0,50,182
srp,full,43,36,0.9922219702568927,0.66,33,33
srp,full,43,37,0.7138966745857288,0.5,25,40
srp,full,43,38,0.9436982751687041,1.0,50,111
srp,full,43,39,0.9592280494024941,1.0,50,81
srp,full,43,40,0.7307224404561152,1.0,50,112
srp,full,43,41,0.9600682254515059,1.0,50,116
srp,full,43,42,0.8731253667378769,1.0,50,239
srp,full,43,43,0.048943271694730034,0.06,3,24
srp,full,43,44,0.10469643120069567,0.08,4,24
srp,full,43,45,0.02292828351651881,0.0,0,5
srp,full,43,46,0.2717391304347826,0.04,2,2
srp,full,43,47,0.04150907732747999,0.02,1,22
srp,full,43,48,0.32251239920660413,0.34,17,36
srp,full,43,49,0.4769019317258316,0.54,27,56
srp,full,44,35,0.9767507432071945,1.0,50,182
srp,full,44,36,0.9893337051650692,0.66,33,33
srp,full,44,37,0.7582973499267097,0.56,28,40
srp,full,44,38,0.9425789923405018,1.0,50,111
srp,full,44,39,0.9343597218031785,1.0,50,81
srp,full,44,40,0.7453181095276485,1.0,50,112
srp,full,44,41,0.951990055050288,1.0,50,116
srp,full,44,42,0.8922003485674037,1.0,50,239
srp,full,44,43,0.035507904483593575,0.04,2,24
srp,full,44,44,0.058073810512948285,0.02,1,24
srp,full,44,45,0.025859950859950864,0.0,0,5
srp,full,44,46,0.10666666666666667,0.02,1,2
srp,full,44,47,0.055995475214251765,0.02,1,22
srp,full,44,48,0.4367358104981403,0.34,17,36
srp,full,44,49,0.5916088113875745,0.58,29,56
srp,full,45,35,0.9804343514208085,1.0,50,182
srp,full,45,36,0.9849129593810445,0.66,33,33
srp,full,45,37,0.7620969083354248,0.56,28,40
srp,full,45,38,0.955330503149362,1.0,50,111
srp,full,45,39,0.9633470446640797,1.0,50,81
srp,full,45,40,0.7879601412917289,0.98,49,112
srp,full,45,41,0.9599772679033177,1.0,50,116
srp,full,45,42,0.8970479183425,1.0,50,239
srp,full,45,43,0.023202117063058875,0.0,0,24
srp,full,45,44,0.08222788072481194,0.12,6,24
srp,full,45,45,0.045746728709287324,0.02,1,5
srp,full,45,46,0.5032051282051282,0.02,1,2
srp,full,45,47,0.07268002351479334,0.1,5,22
srp,full,45,48,0.40598642730016576,0.42,21,36
srp,full,45,49,0.5312943911057477,0.46,23,56
srp,full,46,35,0.9778858491404813,1.0,50,182
srp,full,46,36,0.9934727519954791,0.66,33,33
srp,full,46,37,0.7626075918869935,0.54,27,40
srp,full,46,38,0.9566777438108185,1.0,50,111
srp,full,46,39,0.9363956803820469,1.0,50,81
srp,full,46,40,0.7656403063879735,1.0,50,112
srp,full,46,41,0.9619809533657898,1.0,50,116
srp,full,46,42,0.8755124804679671,1.0,50,239
srp,full,46,43,0.032404463038294605,0.0,0,24
srp,full,46,44,0.0720931675336426,0.08,4,24
srp,full,46,45,0.043251773703509355,0.04,2,5
srp,full,46,46,0.10371747211895911,0.02,1,2
srp,full,46,47,0.03356697441325665,0.0,0,22
srp,full,46,48,0.5418956707148092,0.44,22,36
srp,full,46,49,0.48814108602846484,0.46,23,56
srp,budget,42,35,0.9791835432192674,1.0,50,182
srp,budget,42,36,0.9720098823258755,0.64,32,33
srp,budget,42,37,0.7144364973167864,0.5,25,40
srp,budget,42,38,0.9450747743710074,1.0,50,111
srp,budget,42,39,0.9370220386989373,1.0,50,81
srp,budget,42,40,0.7581050111576234,1.0,50,112
srp,budget,42,41,0.9563044098933438,1.0,50,116
srp,budget,42,42,0.8610103626569077,1.0,50,239
srp,budget,42,43,0.01972912950708927,0.0,0,24
srp,budget,42,44,0.027398908024111185,0.02,1,24
srp,budget,42,45,0.005350718003237968,0.0,0,5
srp,budget,42,46,0.2518248175182482,0.02,1,2
srp,budget,42,47,0.04000296877879935,0.06,3,22
srp,budget,42,48,0.17826849982637735,0.24,12,36
srp,budget,42,49,0.4402774099963905,0.46,23,56
srp,budget,43,35,0.9827289343776844,1.0,50,182
srp,budget,43,36,0.9555483731853542,0.64,32,33
srp,budget,43,37,0.7517094860205323,0.58,29,40
srp,budget,43,38,0.9427243051530462,1.0,50,111
srp,budget,43,39,0.9397617689795691,1.0,50,81
srp,budget,43,40,0.7288588230014106,1.0,50,112
srp,budget,43,41,0.9485127802138583,1.0,50,116
srp,budget,43,42,0.8748206122993665,1.0,50,239
srp,budget,43,43,0.022965475348426898,0.02,1,24
srp,budget,43,44,0.06585175324145448,0.02,1,24
srp,budget,43,45,0.007588862106270203,0.0,0,5
srp,budget,43,46,0.25171821305841924,0.02,1,2
srp,budget,43,47,0.03091204362952801,0.0,0,22
srp,budget,43,48,0.1298225308437611,0.08,4,36
srp,budget,43,49,0.28188356437523965,0.3,15,56
srp,budget,44,35,0.9767507432071945,1.0,50,182
srp,budget,44,36,0.9678787878787876,0.64,32,33
srp,budget,44,37,0.688623036208909,0.5,25,40
srp,budget,44,38,0.9436871332852628,1.0,50,111
srp,budget,44,39,0.9524409214784065,1.0,50,81
srp,budget,44,40,0.7458200708669475,1.0,50,112
srp,budget,44,41,0.9568393102030561,1.0,50,116
srp,budget,44,42,0.8621923059092785,1.0,50,239
srp,budget,44,43,0.03225610818256163,0.04,2,24
srp,budget,44,44,0.06895958859310944,0.02,1,24
srp,budget,44,45,0.20491558712627972,0.02,1,5
srp,budget,44,46,0.5032467532467533,0.02,1,2
srp,budget,44,47,0.02752744939603853,0.0,0,22
srp,budget,44,48,0.10925319732104478,0.1,5,36
srp,budget,44,49,0.15250716742842763,0.08,4,56
srp,budget,45,35,0.9804343514208085,1.0,50,182
srp,budget,45,36,0.9844028520499108,0.64,32,33
srp,budget,45,37,0.7517798169072467,0.58,29,40
srp,budget,45,38,0.9408679895565859,1.0,50,111
srp,budget,45,39,0.9461125675227064,1.0,50,81
srp,budget,45,40,0.7230802220589677,1.0,50,112
srp,budget,45,41,0.9477681472849738,1.0,50,116
srp,budget,45,42,0.8556857144170252,1.0,50,239
srp,budget,45,43,0.020676434626067434,0.0,0,24
srp,budget,45,44,0.06423093203506117,0.04,2,24
srp,budget,45,45,0.00953359335197474,0.0,0,5
srp,budget,45,46,0.2552083333333333,0.02,1,2
srp,budget,45,47,0.04753242242659447,0.02,1,22
srp,budget,45,48,0.09039490471434637,0.0,0,36
srp,budget,45,49,0.18322868272776388,0.02,1,56
srp,budget,46,35,0.9778858491404813,1.0,50,182
srp,budget,46,36,0.9704882154882153,0.64,32,33
srp,budget,46,37,0.7672324880222939,0.58,29,40
srp,budget,46,38,0.9488345579210312,1.0,50,111
srp,budget,46,39,0.9322638447346905,1.0,50,81
srp,budget,46,40,0.7361715526108512,1.0,50,112
srp,budget,46,41,0.9600239239842197,1.0,50,116
srp,budget,46,42,0.8735016781776427,1.0,50,239
srp,budget,46,43,0.0162360776714728,0.0,0,24
srp,budget,46,44,0.06379292034575357,0.04,2,24
srp,budget,46,45,0.0074014174767669015,0.0,0,5
srp,budget,46,46,0.2603092783505155,0.02,1,2
srp,budget,46,47,0.02450830621729109,0.0,0,22
srp,budget,46,48,0.08660894386483242,0.02,1,36
srp,budget,46,49,0.1934108471069862,0.14,7,56
arf,budget,47,35,0.9723606502873949,1.0,50,182
arf,budget,47,36,0.9558979683451345,0.64,32,33
arf,budget,47,37,0.6013675695297669,0.42,21,40
arf,budget,47,38,0.9156561307331952,1.0,50,111
arf,budget,47,39,0.8803922283779605,1.0,50,81
arf,budget,47,40,0.6867781906580368,0.98,49,112
arf,budget,47,41,0.9421677226897345,1.0,50,116
arf,budget,47,42,0.8338949729902302,1.0,50,239
arf,budget,47,43,0.019536653111987046,0.02,1,24
arf,budget,47,44,0.0360604268935486,0.06,3,24
arf,budget,47,45,0.004549879706656825,0.0,0,5
arf,budget,47,46,0.501984126984127,0.02,1,2
arf,budget,47,47,0.027306658256041193,0.02,1,22
arf,budget,47,48,0.07246325691551764,0.02,1,36
arf,budget,47,49,0.14401212167938507,0.2,10,56
arf,budget,48,35,0.9575659126419597,1.0,50,182
arf,budget,48,36,0.873115263670997,0.58,29,33
arf,budget,48,37,0.5841050553661199,0.4,20,40
arf,budget,48,38,0.9186138571814497,1.0,50,111
arf,budget,48,39,0.8870487024757366,1.0,50,81
arf,budget,48,40,0.6733307113902387,1.0,50,112
arf,budget,48,41,0.9110920195344344,1.0,50,116
arf,budget,48,42,0.8232291494747781,1.0,50,239
arf,budget,48,43,0.042927759464690386,0.06,3,24
arf,budget,48,44,0.041630891362962635,0.08,4,24
arf,budget,48,45,0.04816535762738912,0.02,1,5
arf,budget,48,46,0.5053191489361702,0.02,1,2
arf,budget,48,47,0.044703607513852106,0.04,2,22
arf,budget,48,48,0.1221691585508423,0.02,1,36
arf,budget,48,49,0.2602467950281123,0.26,13,56
arf,budget,49,35,0.9749167302756077,1.0,50,182
arf,budget,49,36,0.9730111413934943,0.64,32,33
arf,budget,49,37,0.648878980190827,0.52,26,40
arf,budget,49,38,0.9276328840911607,1.0,50,111
arf,budget,49,39,0.9292759497566961,1.0,50,81
arf,budget,49,40,0.7255463987476055,1.0,50,112
arf,budget,49,41,0.9512282815373553,1.0,50,116
arf,budget,49,42,0.8380417869006236,1.0,50,239
arf,budget,49,43,0.01525603810695965,0.0,0,24
arf,budget,49,44,0.0641234485600492,0.02,1,24
arf,budget,49,45,0.008819425498833517,0.0,0,5
arf,budget,49,46,0.25290697674418605,0.02,1,2
arf,budget,49,47,0.028170412303980673,0.0,0,22
arf,budget,49,48,0.18260843802728377,0.24,12,36
arf,budget,49,49,0.3436856623984983,0.38,19,56
arf,budget,50,35,0.9636199715981587,1.0,50,182
arf,budget,50,36,0.9530143173529628,0.64,32,33
arf,budget,50,37,0.7250339173084778,0.54,27,40
arf,budget,50,38,0.9263191655278632,1.0,50,111
arf,budget,50,39,0.9325453513454098,1.0,50,81
arf,budget,50,40,0.6810878581378305,1.0,50,112
arf,budget,50,41,0.9178074138318767,1.0,50,116
arf,budget,50,42,0.8424978827429328,1.0,50,239
arf,budget,50,43,0.016973005260812066,0.0,0,24
arf,budget,50,44,0.024757260384801243,0.02,1,24
arf,budget,50,45,0.004963510620020182,0.0,0,5
arf,budget,50,46,0.2526595744680851,0.02,1,2
arf,budget,50,47,0.03854267077793104,0.0,0,22
arf,budget,50,48,0.1460667396544983,0.06,3,36
arf,budget,50,49,0.24681852268285517,0.18,9,56
arf,budget,51,35,0.9693734184697128,1.0,50,182
arf,budget,51,36,0.9745278875713657,0.64,32,33
arf,budget,51,37,0.6606883740743836,0.48,24,40
arf,budget,51,38,0.9372217537502547,1.0,50,111
arf,budget,51,39,0.9294100450347683,1.0,50,81
arf,budget,51,40,0.7293576794241484,1.0,50,112
arf,budget,51,41,0.9454256438872751,1.0,50,116
arf,budget,51,42,0.8525056893547439,1.0,50,239
arf,budget,51,43,0.026373475501230377,0.0,0,24
arf,budget,51,44,0.04034116072230031,0.06,3,24
arf,budget,51,45,0.007994850564513739,0.0,0,5
arf,budget,51,46,0.2517636684303351,0.02,1,2
arf,budget,51,47,0.024025001204926382,0.0,0,22
arf,budget,51,48,0.1551117822024094,0.12,6,36
arf,budget,51,49,0.264043650403614,0.24,12,56
srp,budget,47,35,0.9754330010807571,1.0,50,182
srp,budget,47,36,0.9675008195545721,0.64,32,33
srp,budget,47,37,0.6811341770679299,0.52,26,40
srp,budget,47,38,0.9444553257471054,1.0,50,111
srp,budget,47,39,0.9672414089323014,1.0,50,81
srp,budget,47,40,0.7227529051659026,1.0,50,112
srp,budget,47,41,0.945950792568342,1.0,50,116
srp,budget,47,42,0.8608587963247377,1.0,50,239
srp,budget,47,43,0.01421970912026722,0.0,0,24
srp,budget,47,44,0.027255824891140156,0.02,1,24
srp,budget,47,45,0.005941815389875272,0.0,0,5
srp,budget,47,46,0.17261904761904762,0.02,1,2
srp,budget,47,47,0.03469035578819121,0.0,0,22
srp,budget,47,48,0.13234572124569755,0.14,7,36
srp,budget,47,49,0.28030455842671875,0.28,14,56
srp,budget,48,35,0.9699050069652371,1.0,50,182
srp,budget,48,36,0.9389240279169658,0.62,31,33
srp,budget,48,37,0.773108448803472,0.58,29,40
srp,budget,48,38,0.9443636507451122,1.0,50,111
srp,budget,48,39,0.9276463856977173,1.0,50,81
srp,budget,48,40,0.7434529913529556,1.0,50,112
srp,budget,48,41,0.93941498242439,1.0,50,116
srp,budget,48,42,0.8745173665116077,1.0,50,239
srp,budget,48,43,0.025743872170660653,0.02,1,24
srp,budget,48,44,0.03186122374915281,0.02,1,24
srp,budget,48,45,0.0046542583676224885,0.0,0,5
srp,budget,48,46,0.5040322580645161,0.02,1,2
srp,budget,48,47,0.03115457839197658,0.02,1,22
srp,budget,48,48,0.07604470894704654,0.0,0,36
srp,budget,48,49,0.11908838671293591,0.02,1,56
srp,budget,49,35,0.9743982156115436,1.0,50,182
srp,budget,49,36,0.9815528748497284,0.64,32,33
srp,budget,49,37,0.7380351087943771,0.56,28,40
srp,budget,49,38,0.9461240654710626,1.0,50,111
srp,budget,49,39,0.9419125325660352,1.0,50,81
srp,budget,49,40,0.7408868614327696,1.0,50,112
srp,budget,49,41,0.9413498478274788,1.0,50,116
srp,budget,49,42,0.8645238747573045,1.0,50,239
srp,budget,49,43,0.02243210194215209,0.02,1,24
srp,budget,49,44,0.06614854784828397,0.04,2,24
srp,budget,49,45,0.007248988211365564,0.0,0,5
srp,budget,49,46,0.5037037037037037,0.02,1,2
srp,budget,49,47,0.02206015844813959,0.0,0,22
srp,budget,49,48,0.09071387675427948,0.1,5,36
srp,budget,49,49,0.20747923036418991,0.1,5,56
srp,budget,50,35,0.9810357221409723,1.0,50,182
srp,budget,50,36,0.9194675930720588,0.62,31,33
srp,budget,50,37,0.6966083753770574,0.5,25,40
srp,budget,50,38,0.946824048065381,1.0,50,111
srp,budget,50,39,0.9331519191160293,1.0,50,81
srp,budget,50,40,0.7153020895099601,1.0,50,112
srp,budget,50,41,0.951056923932988,1.0,50,116
srp,budget,50,42,0.8653565921240112,1.0,50,239
srp,budget,50,43,0.019790447027662236,0.0,0,24
srp,budget,50,44,0.02995302788128444,0.02,1,24
srp,budget,50,45,0.008440761169287577,0.0,0,5
srp,budget,50,46,0.252865329512894,0.02,1,2
srp,budget,50,47,0.025848780454816835,0.0,0,22
srp,budget,50,48,0.0921181440809283,0.08,4,36
srp,budget,50,49,0.2658100863520019,0.32,16,56
srp,budget,51,35,0.974399629930634,1.0,50,182
srp,budget,51,36,0.9343246764298866,0.62,31,33
srp,budget,51,37,0.6695219435264838,0.52,26,40
srp,budget,51,38,0.9405748070371941,1.0,50,111
srp,budget,51,39,0.9482717704165546,1.0,50,81
srp,budget,51,40,0.7364787794375981,1.0,50,112
srp,budget,51,41,0.9560906752391783,1.0,50,116
srp,budget,51,42,0.8635191322508415,1.0,50,239
srp,budget,51,43,0.01626470746750173,0.0,0,24
srp,budget,51,44,0.03359050462878721,0.04,2,24
srp,budget,51,45,0.0073044618061182355,0.0,0,5
srp,budget,51,46,0.25289017341040465,0.02,1,2
srp,budget,51,47,0.024168881775435816,0.0,0,22
srp,budget,51,48,0.07496993013943302,0.02,1,36
srp,budget,51,49,0.12253580892671831,0.04,2,56
