detector,explore,theta,base_rate,k,seed,caught_post,n_illicit_post,mean_pr_auc_post,final_angle
lgbm,True,0.0,0.01,25,42,75,103,0.5017148418786669,
lgbm,False,0.0,0.01,25,42,74,103,0.5297538421080643,
lgbm,True,0.0,0.01,50,42,89,103,0.5414899109229665,
lgbm,False,0.0,0.01,50,42,87,103,0.5355356934547804,
lgbm,True,0.0,0.01,100,42,98,103,0.5793808984886701,
lgbm,False,0.0,0.01,100,42,99,103,0.5518607902374447,
logistic,False,0.0,0.01,50,42,101,103,0.7182671074387944,0.2239457571748806
lgbm,True,0.0,0.01,25,43,84,102,0.6388323513240483,
lgbm,False,0.0,0.01,25,43,83,102,0.6375355356484936,
lgbm,True,0.0,0.01,50,43,95,102,0.6308534981956683,
lgbm,False,0.0,0.01,50,43,92,102,0.6433802086693264,
lgbm,True,0.0,0.01,100,43,102,102,0.6522474300550513,
lgbm,False,0.0,0.01,100,43,102,102,0.6660253801808154,
logistic,False,0.0,0.01,50,43,102,102,0.7297495817086691,0.2065974716715097
lgbm,True,0.0,0.01,25,44,82,114,0.5131943732665224,
lgbm,False,0.0,0.01,25,44,83,114,0.5235335099436622,
lgbm,True,0.0,0.01,50,44,101,114,0.5234764949865479,
lgbm,False,0.0,0.01,50,44,99,114,0.5366017472821423,
lgbm,True,0.0,0.01,100,44,111,114,0.5629560850759228,
lgbm,False,0.0,0.01,100,44,112,114,0.5624406451703733,
logistic,False,0.0,0.01,50,44,114,114,0.7417312904847072,0.1854623113821856
lgbm,True,0.0,0.01,25,45,77,118,0.48440388561701603,
lgbm,False,0.0,0.01,25,45,82,118,0.4987313838007256,
lgbm,True,0.0,0.01,50,45,104,118,0.4962514772990787,
lgbm,False,0.0,0.01,50,45,104,118,0.5087882663771354,
lgbm,True,0.0,0.01,100,45,114,118,0.5325132429057521,
lgbm,False,0.0,0.01,100,45,113,118,0.5297581683069786,
logistic,False,0.0,0.01,50,45,114,118,0.7327014411779924,0.296949896917609
lgbm,True,0.0,0.01,25,46,78,108,0.483803660406944,
lgbm,False,0.0,0.01,25,46,75,108,0.4690763795832693,
lgbm,True,0.0,0.01,50,46,100,108,0.5214832417807521,
lgbm,False,0.0,0.01,50,46,98,108,0.5299202414655745,
lgbm,True,0.0,0.01,100,46,106,108,0.5580663631247581,
lgbm,False,0.0,0.01,100,46,106,108,0.557769387229394,
logistic,False,0.0,0.01,50,46,105,108,0.6901675191575057,0.15993217567977538
lgbm,True,0.0,0.025,25,42,173,254,0.5882399386415679,
lgbm,False,0.0,0.025,25,42,179,254,0.6011753670968868,
lgbm,True,0.0,0.025,50,42,215,254,0.6052570613996912,
lgbm,False,0.0,0.025,50,42,217,254,0.6073024311934996,
lgbm,True,0.0,0.025,100,42,249,254,0.6117313623652391,
lgbm,False,0.0,0.025,100,42,249,254,0.6161968833470162,
logistic,False,0.0,0.025,50,42,243,254,0.760554080711803,0.20024444632123922
lgbm,True,0.0,0.025,25,43,190,259,0.6697212689433277,
lgbm,False,0.0,0.025,25,43,191,259,0.6695200458068207,
lgbm,True,0.0,0.025,50,43,225,259,0.6831108173921823,
lgbm,False,0.0,0.025,50,43,229,259,0.6865624287510327,
lgbm,True,0.0,0.025,100,43,252,259,0.6914129644495284,
lgbm,False,0.0,0.025,100,43,255,259,0.7125124621284529,
logistic,False,0.0,0.025,50,43,246,259,0.8063854857340557,0.19442148385701905
lgbm,True,0.0,0.025,25,44,191,278,0.6802366010686626,
lgbm,False,0.0,0.025,25,44,194,278,0.6837924086917883,
lgbm,True,0.0,0.025,50,44,231,278,0.6828641609614146,
lgbm,False,0.0,0.025,50,44,232,278,0.6845114876826197,
lgbm,True,0.0,0.025,100,44,265,278,0.6860984648583833,
lgbm,False,0.0,0.025,100,44,265,278,0.6923980088446622,
logistic,False,0.0,0.025,50,44,266,278,0.806975399911418,0.1580372182316639
lgbm,True,0.0,0.025,25,45,179,262,0.6443236834636715,
lgbm,False,0.0,0.025,25,45,182,262,0.6569641815964745,
lgbm,True,0.0,0.025,50,45,214,262,0.6384253006894397,
lgbm,False,0.0,0.025,50,45,219,262,0.6458186070545394,
lgbm,True,0.0,0.025,100,45,254,262,0.6722825906587148,
lgbm,False,0.0,0.025,100,45,253,262,0.6798069042076911,
logistic,False,0.0,0.025,50,45,250,262,0.8031201852264362,0.14163544512693635
lgbm,True,0.0,0.025,25,46,180,264,0.6520546411551843,
lgbm,False,0.0,0.025,25,46,181,264,0.6532131634155574,
lgbm,True,0.0,0.025,50,46,224,264,0.6637101904550643,
lgbm,False,0.0,0.025,50,46,223,264,0.660034972934063,
lgbm,True,0.0,0.025,100,46,257,264,0.6750862495169542,
lgbm,False,0.0,0.025,100,46,258,264,0.6889600716129691,
logistic,False,0.0,0.025,50,46,254,264,0.810334828630224,0.1696037986919031
lgbm,True,0.0,0.05,25,42,280,528,0.6979867358775074,
lgbm,False,0.0,0.05,25,42,281,528,0.6957894393447376,
lgbm,True,0.0,0.05,50,42,411,528,0.7114248327445323,
lgbm,False,0.0,0.05,50,42,411,528,0.7110861809809589,
lgbm,True,0.0,0.05,100,42,485,528,0.7157652530750327,
lgbm,False,0.0,0.05,100,42,484,528,0.719034442651538,
logistic,False,0.0,0.05,50,42,454,528,0.8153453804986855,0.12874395240013473
lgbm,True,0.0,0.05,25,43,303,527,0.7577800679874558,
lgbm,False,0.0,0.05,25,43,303,527,0.7552924133627209,
lgbm,True,0.0,0.05,50,43,424,527,0.7698439564571224,
lgbm,False,0.0,0.05,50,43,428,527,0.769749413975746,
lgbm,True,0.0,0.05,100,43,493,527,0.7836584889173227,
lgbm,False,0.0,0.05,100,43,492,527,0.7855629357316254,
logistic,False,0.0,0.05,50,43,456,527,0.8425948739503,0.1274357729156814
lgbm,True,0.0,0.05,25,44,300,549,0.7418226305870256,
lgbm,False,0.0,0.05,25,44,300,549,0.7344301773741247,
lgbm,True,0.0,0.05,50,44,426,549,0.7638923307677353,
lgbm,False,0.0,0.05,50,44,431,549,0.7583715376464796,
lgbm,True,0.0,0.05,100,44,511,549,0.7699406102142168,
lgbm,False,0.0,0.05,100,44,511,549,0.7723283530675592,
logistic,False,0.0,0.05,50,44,468,549,0.8438987373640907,0.11218167071267181
lgbm,True,0.0,0.05,25,45,294,537,0.7283602154195383,
lgbm,False,0.0,0.05,25,45,296,537,0.7244043585482273,
lgbm,True,0.0,0.05,50,45,408,537,0.7350539907613569,
lgbm,False,0.0,0.05,50,45,414,537,0.7311394213964081,
lgbm,True,0.0,0.05,100,45,495,537,0.7508495685752944,
lgbm,False,0.0,0.05,100,45,501,537,0.7470032142641709,
logistic,False,0.0,0.05,50,45,470,537,0.8470678079507585,0.1383587050198332
lgbm,True,0.0,0.05,25,46,292,526,0.7456438173937934,
lgbm,False,0.0,0.05,25,46,291,526,0.754079153770702,
lgbm,True,0.0,0.05,50,46,413,526,0.7727456981552834,
lgbm,False,0.0,0.05,50,46,419,526,0.7601528265159497,
lgbm,True,0.0,0.05,100,46,501,526,0.7773987964925289,
lgbm,False,0.0,0.05,100,46,503,526,0.7764349361460997,
logistic,False,0.0,0.05,50,46,457,526,0.8488825221046139,0.10078564700097768
lgbm,True,0.3927,0.01,25,42,76,108,0.454797717199794,
lgbm,False,0.3927,0.01,25,42,78,108,0.45429768086087724,
lgbm,True,0.3927,0.01,50,42,85,108,0.4683535460985746,
lgbm,False,0.3927,0.01,50,42,88,108,0.46448772483640266,
lgbm,True,0.3927,0.01,100,42,105,108,0.5088504451317102,
lgbm,False,0.3927,0.01,100,42,106,108,0.48592393524008487,
logistic,False,0.3927,0.01,50,42,106,108,0.7181300790646338,0.1855322380122644
lgbm,True,0.3927,0.01,25,43,73,101,0.5093419154418285,
lgbm,False,0.3927,0.01,25,43,76,101,0.5152847457129965,
lgbm,True,0.3927,0.01,50,43,90,101,0.5080438450860667,
lgbm,False,0.3927,0.01,50,43,88,101,0.5165287158653034,
lgbm,True,0.3927,0.01,100,43,100,101,0.5504639987046228,
lgbm,False,0.3927,0.01,100,43,99,101,0.5509228483281059,
logistic,False,0.3927,0.01,50,43,96,101,0.6274099494577353,0.20854390230386396
lgbm,True,0.3927,0.01,25,44,73,111,0.3785940623406539,
lgbm,False,0.3927,0.01,25,44,75,111,0.3883589985035089,
lgbm,True,0.3927,0.01,50,44,89,111,0.394742717090474,
lgbm,False,0.3927,0.01,50,44,92,111,0.3909683900872639,
lgbm,True,0.3927,0.01,100,44,105,111,0.39074528491843774,
lgbm,False,0.3927,0.01,100,44,107,111,0.3860366881895146,
logistic,False,0.3927,0.01,50,44,105,111,0.5977608183796898,0.18484969191754455
lgbm,True,0.3927,0.01,25,45,66,109,0.3485452095492239,
lgbm,False,0.3927,0.01,25,45,65,109,0.34221664050663253,
lgbm,True,0.3927,0.01,50,45,83,109,0.36427523833303244,
lgbm,False,0.3927,0.01,50,45,84,109,0.37887288071206676,
lgbm,True,0.3927,0.01,100,45,102,109,0.41726309556949503,
lgbm,False,0.3927,0.01,100,45,102,109,0.4102618253246128,
logistic,False,0.3927,0.01,50,45,101,109,0.619738801691945,0.2212746179191802
lgbm,True,0.3927,0.01,25,46,69,101,0.42012275974486474,
lgbm,False,0.3927,0.01,25,46,72,101,0.42465278930121125,
lgbm,True,0.3927,0.01,50,46,89,101,0.43272459668995383,
lgbm,False,0.3927,0.01,50,46,86,101,0.44070814983549844,
lgbm,True,0.3927,0.01,100,46,97,101,0.4707526061505885,
lgbm,False,0.3927,0.01,100,46,99,101,0.46661026047552384,
logistic,False,0.3927,0.01,50,46,99,101,0.6663319734655447,0.2013931870189632
lgbm,True,0.3927,0.025,25,42,143,270,0.47931220824403387,
lgbm,False,0.3927,0.025,25,42,155,270,0.5000224992397343,
lgbm,True,0.3927,0.025,50,42,207,270,0.5207797851919015,
lgbm,False,0.3927,0.025,50,42,205,270,0.522700910129018,
lgbm,True,0.3927,0.025,100,42,260,270,0.5534054031597005,
lgbm,False,0.3927,0.025,100,42,257,270,0.56435266974249,
logistic,False,0.3927,0.025,50,42,250,270,0.7421319466314766,0.13096057542241657
lgbm,True,0.3927,0.025,25,43,164,263,0.5591233332283863,
lgbm,False,0.3927,0.025,25,43,164,263,0.5461019461247212,
lgbm,True,0.3927,0.025,50,43,216,263,0.5819338825258463,
lgbm,False,0.3927,0.025,50,43,219,263,0.5900753218880183,
lgbm,True,0.3927,0.025,100,43,256,263,0.6256175665280608,
lgbm,False,0.3927,0.025,100,43,255,263,0.6107971881086834,
logistic,False,0.3927,0.025,50,43,248,263,0.7698815339965586,0.12651978689586452
lgbm,True,0.3927,0.025,25,44,170,276,0.5838650444510429,
lgbm,False,0.3927,0.025,25,44,181,276,0.5965768136163854,
lgbm,True,0.3927,0.025,50,44,220,276,0.6066902169943714,
lgbm,False,0.3927,0.025,50,44,220,276,0.6087637026169032,
lgbm,True,0.3927,0.025,100,44,259,276,0.6110951353489953,
lgbm,False,0.3927,0.025,100,44,259,276,0.6146601666782024,
logistic,False,0.3927,0.025,50,44,249,276,0.7698080706330692,0.13795706585802053
lgbm,True,0.3927,0.025,25,45,151,252,0.5222483338230934,
lgbm,False,0.3927,0.025,25,45,154,252,0.5466625555535596,
lgbm,True,0.3927,0.025,50,45,202,252,0.5813538767328048,
lgbm,False,0.3927,0.025,50,45,205,252,0.566826752761841,
lgbm,True,0.3927,0.025,100,45,243,252,0.5999986921838255,
lgbm,False,0.3927,0.025,100,45,240,252,0.6048862997239116,
logistic,False,0.3927,0.025,50,45,231,252,0.754157478686792,0.16982431695093472
lgbm,True,0.3927,0.025,25,46,172,257,0.5820309420942832,
lgbm,False,0.3927,0.025,25,46,160,257,0.5630506561485916,
lgbm,True,0.3927,0.025,50,46,213,257,0.5895287843233041,
lgbm,False,0.3927,0.025,50,46,212,257,0.604782239962028,
lgbm,True,0.3927,0.025,100,46,247,257,0.6386359579688986,
lgbm,False,0.3927,0.025,100,46,247,257,0.6238615359970153,
logistic,False,0.3927,0.025,50,46,235,257,0.7327910309978594,0.16936472530826055
lgbm,True,0.3927,0.05,25,42,250,544,0.6328830396005609,
lgbm,False,0.3927,0.05,25,42,250,544,0.6129981174676431,
lgbm,True,0.3927,0.05,50,42,382,544,0.641210906297742,
lgbm,False,0.3927,0.05,50,42,384,544,0.6400752022611232,
lgbm,True,0.3927,0.05,100,42,492,544,0.6633893517490076,
lgbm,False,0.3927,0.05,100,42,490,544,0.6634239309320757,
logistic,False,0.3927,0.05,50,42,451,544,0.7928856416920754,0.16891435227235177
lgbm,True,0.3927,0.05,25,43,275,545,0.6740451606704767,
lgbm,False,0.3927,0.05,25,43,268,545,0.6536633469231192,
lgbm,True,0.3927,0.05,50,43,407,545,0.69839200965792,
lgbm,False,0.3927,0.05,50,43,409,545,0.6897209626360838,
lgbm,True,0.3927,0.05,100,43,497,545,0.7157233959081741,
lgbm,False,0.3927,0.05,100,43,500,545,0.7169634100354648,
logistic,False,0.3927,0.05,50,43,446,545,0.812242327539051,0.10244282038129537
lgbm,True,0.3927,0.05,25,44,264,567,0.635969033695701,
lgbm,False,0.3927,0.05,25,44,266,567,0.6282367309672204,
lgbm,True,0.3927,0.05,50,44,383,567,0.6637971546836989,
lgbm,False,0.3927,0.05,50,44,383,567,0.6602174854689817,
lgbm,True,0.3927,0.05,100,44,498,567,0.66927791976172,
lgbm,False,0.3927,0.05,100,44,493,567,0.6742674652020556,
logistic,False,0.3927,0.05,50,44,451,567,0.7870416248436845,0.12397573126216048
lgbm,True,0.3927,0.05,25,45,257,527,0.6418900899825014,
lgbm,False,0.3927,0.05,25,45,262,527,0.6388576226017602,
lgbm,True,0.3927,0.05,50,45,368,527,0.6559003144972844,
lgbm,False,0.3927,0.05,50,45,375,527,0.647715777401903,
lgbm,True,0.3927,0.05,100,45,467,527,0.6728412587416162,
lgbm,False,0.3927,0.05,100,45,467,527,0.6713405293822353,
logistic,False,0.3927,0.05,50,45,434,527,0.8023856272108019,0.1233027403020318
lgbm,True,0.3927,0.05,25,46,257,522,0.6453612904023571,
lgbm,False,0.3927,0.05,25,46,253,522,0.6201537737340238,
lgbm,True,0.3927,0.05,50,46,369,522,0.6578459909543828,
lgbm,False,0.3927,0.05,50,46,372,522,0.6607472718567969,
lgbm,True,0.3927,0.05,100,46,477,522,0.6833801743920417,
lgbm,False,0.3927,0.05,100,46,478,522,0.6856961600012734,
logistic,False,0.3927,0.05,50,46,422,522,0.775973578248283,0.14454819124544926
lgbm,True,0.7854,0.01,25,42,47,101,0.24460630722071336,
lgbm,False,0.7854,0.01,25,42,51,101,0.271436215361207,
lgbm,True,0.7854,0.01,50,42,66,101,0.2747040046633803,
lgbm,False,0.7854,0.01,50,42,67,101,0.277843132893336,
lgbm,True,0.7854,0.01,100,42,88,101,0.2882342125838474,
lgbm,False,0.7854,0.01,100,42,89,101,0.288332993549404,
logistic,False,0.7854,0.01,50,42,89,101,0.4849066536986036,0.21626203675397768
lgbm,True,0.7854,0.01,25,43,45,100,0.21007251169255695,
lgbm,False,0.7854,0.01,25,43,50,100,0.22309996575439922,
lgbm,True,0.7854,0.01,50,43,73,100,0.2659664525748007,
lgbm,False,0.7854,0.01,50,43,68,100,0.287571799903637,
lgbm,True,0.7854,0.01,100,43,93,100,0.3399001698940202,
lgbm,False,0.7854,0.01,100,43,89,100,0.3298840829035663,
logistic,False,0.7854,0.01,50,43,91,100,0.5746536333255495,0.18518347537153568
lgbm,True,0.7854,0.01,25,44,52,118,0.23025203959764415,
lgbm,False,0.7854,0.01,25,44,54,118,0.21500715785529928,
lgbm,True,0.7854,0.01,50,44,78,118,0.29040373640212724,
lgbm,False,0.7854,0.01,50,44,79,118,0.311235464684547,
lgbm,True,0.7854,0.01,100,44,102,118,0.29825930468681716,
lgbm,False,0.7854,0.01,100,44,104,118,0.3380313635789124,
logistic,False,0.7854,0.01,50,44,103,118,0.5160646762169386,0.31034438313149704
lgbm,True,0.7854,0.01,25,45,53,105,0.2385045404662838,
lgbm,False,0.7854,0.01,25,45,55,105,0.24064704398053155,
lgbm,True,0.7854,0.01,50,45,72,105,0.2704795744108671,
lgbm,False,0.7854,0.01,50,45,74,105,0.27538625324318905,
lgbm,True,0.7854,0.01,100,45,91,105,0.28615266645711274,
lgbm,False,0.7854,0.01,100,45,91,105,0.30426691830447905,
logistic,False,0.7854,0.01,50,45,91,105,0.5515386296336143,0.2755802391218259
lgbm,True,0.7854,0.01,25,46,58,103,0.34154375807241605,
lgbm,False,0.7854,0.01,25,46,53,103,0.29983861180956534,
lgbm,True,0.7854,0.01,50,46,79,103,0.3330345276940425,
lgbm,False,0.7854,0.01,50,46,79,103,0.3606539045467377,
lgbm,True,0.7854,0.01,100,46,93,103,0.38701035596977196,
lgbm,False,0.7854,0.01,100,46,95,103,0.3838456750009152,
logistic,False,0.7854,0.01,50,46,93,103,0.5604716559554092,0.22780840004755448
lgbm,True,0.7854,0.025,25,42,113,271,0.35411234064044383,
lgbm,False,0.7854,0.025,25,42,114,271,0.34127297205639245,
lgbm,True,0.7854,0.025,50,42,176,271,0.40654306442441956,
lgbm,False,0.7854,0.025,50,42,166,271,0.3962207247391266,
lgbm,True,0.7854,0.025,100,42,246,271,0.48580218339285053,
lgbm,False,0.7854,0.025,100,42,247,271,0.4767850261683296,
logistic,False,0.7854,0.025,50,42,235,271,0.6670872161724986,0.11298780373687367
lgbm,True,0.7854,0.025,25,43,109,268,0.32139449792333935,
lgbm,False,0.7854,0.025,25,43,116,268,0.3495037455917803,
lgbm,True,0.7854,0.025,50,43,182,268,0.3909843701692013,
lgbm,False,0.7854,0.025,50,43,171,268,0.4169586847881263,
lgbm,True,0.7854,0.025,100,43,236,268,0.46573746666045,
lgbm,False,0.7854,0.025,100,43,240,268,0.46729258649853045,
logistic,False,0.7854,0.025,50,43,230,268,0.6637796238436731,0.16261455764067193
lgbm,True,0.7854,0.025,25,44,120,267,0.34386576596993945,
lgbm,False,0.7854,0.025,25,44,119,267,0.3534215751657641,
lgbm,True,0.7854,0.025,50,44,176,267,0.41356270810130413,
lgbm,False,0.7854,0.025,50,44,181,267,0.40845353753394587,
lgbm,True,0.7854,0.025,100,44,220,267,0.44081875186015235,
lgbm,False,0.7854,0.025,100,44,230,267,0.44228149742654366,
logistic,False,0.7854,0.025,50,44,232,267,0.6459771138665839,0.1382695488380941
lgbm,True,0.7854,0.025,25,45,117,255,0.3595899189399638,
lgbm,False,0.7854,0.025,25,45,121,255,0.35691599725149953,
lgbm,True,0.7854,0.025,50,45,173,255,0.3723410029076153,
lgbm,False,0.7854,0.025,50,45,169,255,0.38081158747874716,
lgbm,True,0.7854,0.025,100,45,222,255,0.4110531939661952,
lgbm,False,0.7854,0.025,100,45,223,255,0.4219340966453958,
logistic,False,0.7854,0.025,50,45,221,255,0.656085261600999,0.16349710161674763
lgbm,True,0.7854,0.025,25,46,117,261,0.34354593015331364,
lgbm,False,0.7854,0.025,25,46,114,261,0.3534503726906325,
lgbm,True,0.7854,0.025,50,46,172,261,0.409396804206491,
lgbm,False,0.7854,0.025,50,46,172,261,0.43254787054005933,
lgbm,True,0.7854,0.025,100,46,227,261,0.4432216527213892,
lgbm,False,0.7854,0.025,100,46,230,261,0.45127321757835603,
logistic,False,0.7854,0.025,50,46,222,261,0.6828593477480164,0.21982665535462162
lgbm,True,0.7854,0.05,25,42,195,542,0.4567185871763076,
lgbm,False,0.7854,0.05,25,42,205,542,0.46877071573163637,
lgbm,True,0.7854,0.05,50,42,325,542,0.5240033226568782,
lgbm,False,0.7854,0.05,50,42,343,542,0.5492343985711787,
lgbm,True,0.7854,0.05,100,42,440,542,0.5940168730153317,
lgbm,False,0.7854,0.05,100,42,458,542,0.5899921141503301,
logistic,False,0.7854,0.05,50,42,421,542,0.7324655741743,0.1204511373643194
lgbm,True,0.7854,0.05,25,43,179,539,0.4311053454024479,
lgbm,False,0.7854,0.05,25,43,201,539,0.4586378266672704,
lgbm,True,0.7854,0.05,50,43,327,539,0.5373597886500636,
lgbm,False,0.7854,0.05,50,43,344,539,0.5810298474677551,
lgbm,True,0.7854,0.05,100,43,452,539,0.5926218278881235,
lgbm,False,0.7854,0.05,100,43,449,539,0.5879503661009686,
logistic,False,0.7854,0.05,50,43,420,539,0.746019476050546,0.11071923519752426
lgbm,True,0.7854,0.05,25,44,188,548,0.4472714974663542,
lgbm,False,0.7854,0.05,25,44,192,548,0.4533899299670868,
lgbm,True,0.7854,0.05,50,44,311,548,0.49298403056770046,
lgbm,False,0.7854,0.05,50,44,302,548,0.48510840331340915,
lgbm,True,0.7854,0.05,100,44,441,548,0.5391473596830401,
lgbm,False,0.7854,0.05,100,44,442,548,0.523681682375672,
logistic,False,0.7854,0.05,50,44,411,548,0.6947247713428644,0.08863002529432062
lgbm,True,0.7854,0.05,25,45,188,542,0.4372566070072723,
lgbm,False,0.7854,0.05,25,45,182,542,0.435892838660359,
lgbm,True,0.7854,0.05,50,45,303,542,0.48846948019432285,
lgbm,False,0.7854,0.05,50,45,303,542,0.5114635803245176,
lgbm,True,0.7854,0.05,100,45,428,542,0.541775176387864,
lgbm,False,0.7854,0.05,100,45,440,542,0.5510476755961226,
logistic,False,0.7854,0.05,50,45,418,542,0.7338819197694035,0.11875139268198115
lgbm,True,0.7854,0.05,25,46,178,526,0.45458111913209653,
lgbm,False,0.7854,0.05,25,46,167,526,0.4446651636689606,
lgbm,True,0.7854,0.05,50,46,316,526,0.5239163458644648,
lgbm,False,0.7854,0.05,50,46,308,526,0.5356693876161182,
lgbm,True,0.7854,0.05,100,46,438,526,0.5786578283068894,
lgbm,False,0.7854,0.05,100,46,419,526,0.5632057013677975,
logistic,False,0.7854,0.05,50,46,394,526,0.7132200736610447,0.14941722689395237
lgbm,True,1.1781,0.01,25,42,36,103,0.13526079542381347,
lgbm,False,1.1781,0.01,25,42,33,103,0.11375008585622995,
lgbm,True,1.1781,0.01,50,42,49,103,0.17207448893674568,
lgbm,False,1.1781,0.01,50,42,54,103,0.20534812493328714,
lgbm,True,1.1781,0.01,100,42,79,103,0.24065939721927415,
lgbm,False,1.1781,0.01,100,42,80,103,0.2313176767958689,
logistic,False,1.1781,0.01,50,42,73,103,0.4112259675863594,0.3178896071588056
lgbm,True,1.1781,0.01,25,43,32,108,0.14010327362270195,
lgbm,False,1.1781,0.01,25,43,26,108,0.09719670507800181,
lgbm,True,1.1781,0.01,50,43,54,108,0.1473744287983278,
lgbm,False,1.1781,0.01,50,43,60,108,0.18821133798646614,
lgbm,True,1.1781,0.01,100,43,90,108,0.2313327345090524,
lgbm,False,1.1781,0.01,100,43,87,108,0.2448067579016098,
logistic,False,1.1781,0.01,50,43,83,108,0.49154431624292816,0.23926911730695463
lgbm,True,1.1781,0.01,25,44,26,120,0.11338779102715214,
lgbm,False,1.1781,0.01,25,44,31,120,0.14540187137166563,
lgbm,True,1.1781,0.01,50,44,60,120,0.2083539834238523,
lgbm,False,1.1781,0.01,50,44,53,120,0.18200789995636768,
lgbm,True,1.1781,0.01,100,44,85,120,0.24838121447151604,
lgbm,False,1.1781,0.01,100,44,88,120,0.2711271948192271,
logistic,False,1.1781,0.01,50,44,79,120,0.354924518721572,0.14512630451116154
lgbm,True,1.1781,0.01,25,45,42,103,0.1545218785614523,
lgbm,False,1.1781,0.01,25,45,38,103,0.13347106834924904,
lgbm,True,1.1781,0.01,50,45,65,103,0.2056160130677804,
lgbm,False,1.1781,0.01,50,45,61,103,0.2788436214708747,
lgbm,True,1.1781,0.01,100,45,83,103,0.2893339326426526,
lgbm,False,1.1781,0.01,100,45,82,103,0.31053282285398237,
logistic,False,1.1781,0.01,50,45,83,103,0.5108239348572502,0.2451088506979168
lgbm,True,1.1781,0.01,25,46,35,94,0.1870552168838532,
lgbm,False,1.1781,0.01,25,46,39,94,0.19383024468384796,
lgbm,True,1.1781,0.01,50,46,60,94,0.25659974263343144,
lgbm,False,1.1781,0.01,50,46,59,94,0.23966175472949972,
lgbm,True,1.1781,0.01,100,46,79,94,0.22609688606702064,
lgbm,False,1.1781,0.01,100,46,86,94,0.2902653151437275,
logistic,False,1.1781,0.01,50,46,75,94,0.46603495791495886,0.23557895217955008
lgbm,True,1.1781,0.025,25,42,66,274,0.2085681730455206,
lgbm,False,1.1781,0.025,25,42,82,274,0.21937681398862027,
lgbm,True,1.1781,0.025,50,42,142,274,0.3034152271342345,
lgbm,False,1.1781,0.025,50,42,153,274,0.34771842149806526,
lgbm,True,1.1781,0.025,100,42,205,274,0.36986779132256614,
lgbm,False,1.1781,0.025,100,42,214,274,0.39843501288516425,
logistic,False,1.1781,0.025,50,42,196,274,0.5029127186268102,0.18887534097511935
lgbm,True,1.1781,0.025,25,43,70,274,0.1918536473318078,
lgbm,False,1.1781,0.025,25,43,79,274,0.24144834852734107,
lgbm,True,1.1781,0.025,50,43,146,274,0.3303189571208585,
lgbm,False,1.1781,0.025,50,43,152,274,0.35318166278752966,
lgbm,True,1.1781,0.025,100,43,213,274,0.40960811391229857,
lgbm,False,1.1781,0.025,100,43,220,274,0.44898524669299356,
logistic,False,1.1781,0.025,50,43,209,274,0.5814299208940553,0.12513953564479577
lgbm,True,1.1781,0.025,25,44,67,271,0.18121238876678705,
lgbm,False,1.1781,0.025,25,44,94,271,0.2535294752757547,
lgbm,True,1.1781,0.025,50,44,143,271,0.29981649964345775,
lgbm,False,1.1781,0.025,50,44,160,271,0.3474842592064857,
lgbm,True,1.1781,0.025,100,44,197,271,0.3556538998073983,
lgbm,False,1.1781,0.025,100,44,206,271,0.36372880575648703,
logistic,False,1.1781,0.025,50,44,224,271,0.6288321281868384,0.13568998620248787
lgbm,True,1.1781,0.025,25,45,83,249,0.23710474620095534,
lgbm,False,1.1781,0.025,25,45,84,249,0.22127501678807032,
lgbm,True,1.1781,0.025,50,45,118,249,0.25975900499279453,
lgbm,False,1.1781,0.025,50,45,116,249,0.2875427731479923,
lgbm,True,1.1781,0.025,100,45,191,249,0.3412671035076818,
lgbm,False,1.1781,0.025,100,45,198,249,0.35475125473415225,
logistic,False,1.1781,0.025,50,45,186,249,0.5540892278256698,0.11757859644464394
lgbm,True,1.1781,0.025,25,46,85,272,0.2720664596873823,
lgbm,False,1.1781,0.025,25,46,93,272,0.3004258001974669,
lgbm,True,1.1781,0.025,50,46,151,272,0.35999070377556935,
lgbm,False,1.1781,0.025,50,46,160,272,0.35825288745081973,
lgbm,True,1.1781,0.025,100,46,213,272,0.4178667759795776,
lgbm,False,1.1781,0.025,100,46,218,272,0.4394034111831066,
logistic,False,1.1781,0.025,50,46,219,272,0.6389773786693043,0.143957659689436
lgbm,True,1.1781,0.05,25,42,158,532,0.35947359298562304,
lgbm,False,1.1781,0.05,25,42,155,532,0.3444950648944788,
lgbm,True,1.1781,0.05,50,42,282,532,0.43184814164649155,
lgbm,False,1.1781,0.05,50,42,272,532,0.4401793550525376,
lgbm,True,1.1781,0.05,100,42,391,532,0.5072457429944258,
lgbm,False,1.1781,0.05,100,42,385,532,0.5043132946254778,
logistic,False,1.1781,0.05,50,42,377,532,0.6631845534652885,0.1750693740218126
lgbm,True,1.1781,0.05,25,43,147,519,0.3202511486418472,
lgbm,False,1.1781,0.05,25,43,140,519,0.31978611518792366,
lgbm,True,1.1781,0.05,50,43,271,519,0.40222520648378907,
lgbm,False,1.1781,0.05,50,43,263,519,0.43816745235277926,
lgbm,True,1.1781,0.05,100,43,388,519,0.5230761359138897,
lgbm,False,1.1781,0.05,100,43,389,519,0.5172062942614277,
logistic,False,1.1781,0.05,50,43,378,519,0.6993941680419834,0.12424251456272828
lgbm,True,1.1781,0.05,25,44,140,546,0.3024994538777266,
lgbm,False,1.1781,0.05,25,44,159,546,0.3544161720277212,
lgbm,True,1.1781,0.05,50,44,298,546,0.4505168650796873,
lgbm,False,1.1781,0.05,50,44,291,546,0.4449727937716964,
lgbm,True,1.1781,0.05,100,44,404,546,0.5086525322681372,
lgbm,False,1.1781,0.05,100,44,411,546,0.5418587588827805,
logistic,False,1.1781,0.05,50,44,394,546,0.6828093596437665,0.11827099615314558
lgbm,True,1.1781,0.05,25,45,142,546,0.32459849679719094,
lgbm,False,1.1781,0.05,25,45,156,546,0.3594710262965562,
lgbm,True,1.1781,0.05,50,45,273,546,0.4361333657915974,
lgbm,False,1.1781,0.05,50,45,270,546,0.42333790907224705,
lgbm,True,1.1781,0.05,100,45,401,546,0.48937052036816536,
lgbm,False,1.1781,0.05,100,45,416,546,0.5280508006260018,
logistic,False,1.1781,0.05,50,45,394,546,0.6714028754815192,0.13625675052697817
lgbm,True,1.1781,0.05,25,46,145,528,0.3414760457989687,
lgbm,False,1.1781,0.05,25,46,149,528,0.3599906899365964,
lgbm,True,1.1781,0.05,50,46,278,528,0.44798679602207797,
lgbm,False,1.1781,0.05,50,46,279,528,0.46691135119628946,
lgbm,True,1.1781,0.05,100,46,394,528,0.5131523269454695,
lgbm,False,1.1781,0.05,100,46,391,528,0.5369197143246659,
logistic,False,1.1781,0.05,50,46,385,528,0.6975988100171858,0.10596365440821087
lgbm,True,1.5708,0.01,25,42,6,97,0.021729239499808657,
lgbm,False,1.5708,0.01,25,42,6,97,0.021729239499808657,
lgbm,True,1.5708,0.01,50,42,29,97,0.11099078408883037,
lgbm,False,1.5708,0.01,50,42,10,97,0.021729239499808657,
lgbm,True,1.5708,0.01,100,42,66,97,0.18591946763196207,
lgbm,False,1.5708,0.01,100,42,63,97,0.18273884278262278,
logistic,False,1.5708,0.01,50,42,16,97,0.03992957706489253,0.605193650807207
lgbm,True,1.5708,0.01,25,43,8,112,0.028912138426773062,
lgbm,False,1.5708,0.01,25,43,8,112,0.028912138426773062,
lgbm,True,1.5708,0.01,50,43,22,112,0.06356088577781357,
lgbm,False,1.5708,0.01,50,43,22,112,0.07257135420952938,
lgbm,True,1.5708,0.01,100,43,62,112,0.1368180051764448,
lgbm,False,1.5708,0.01,100,43,57,112,0.1118864492835793,
logistic,False,1.5708,0.01,50,43,40,112,0.14891979937701832,0.3443043506742791
lgbm,True,1.5708,0.01,25,44,3,120,0.018324955883928382,
lgbm,False,1.5708,0.01,25,44,3,120,0.018324955883928382,
lgbm,True,1.5708,0.01,50,44,6,120,0.018324955883928382,
lgbm,False,1.5708,0.01,50,44,6,120,0.018324955883928382,
lgbm,True,1.5708,0.01,100,44,35,120,0.06017183075160526,
lgbm,False,1.5708,0.01,100,44,39,120,0.07870334533849155,
logistic,False,1.5708,0.01,50,44,4,120,0.017747150931928808,1.6214392053376765
lgbm,True,1.5708,0.01,25,45,8,108,0.03172532541111241,
lgbm,False,1.5708,0.01,25,45,33,108,0.14601530743219998,
lgbm,True,1.5708,0.01,50,45,48,108,0.12593186064527215,
lgbm,False,1.5708,0.01,50,45,51,108,0.16028704133042934,
lgbm,True,1.5708,0.01,100,45,75,108,0.21543227916618796,
lgbm,False,1.5708,0.01,100,45,75,108,0.1846261038024949,
logistic,False,1.5708,0.01,50,45,69,108,0.3609802912249017,0.2374158692924536
lgbm,True,1.5708,0.01,25,46,5,104,0.02106077842339647,
lgbm,False,1.5708,0.01,25,46,5,104,0.02106077842339647,
lgbm,True,1.5708,0.01,50,46,10,104,0.02106077842339647,
lgbm,False,1.5708,0.01,50,46,22,104,0.046223713316982676,
lgbm,True,1.5708,0.01,100,46,63,104,0.18139117535094515,
lgbm,False,1.5708,0.01,100,46,71,104,0.19355439442154093,
logistic,False,1.5708,0.01,50,46,13,104,0.027874523925824568,0.8356798460233251
lgbm,True,1.5708,0.025,25,42,18,275,0.05515116355115559,
lgbm,False,1.5708,0.025,25,42,26,275,0.0798693590892804,
lgbm,True,1.5708,0.025,50,42,71,275,0.1260886448229682,
lgbm,False,1.5708,0.025,50,42,98,275,0.22127053503833016,
lgbm,True,1.5708,0.025,100,42,190,275,0.35725969235570687,
lgbm,False,1.5708,0.025,100,42,178,275,0.3641875999495569,
logistic,False,1.5708,0.025,50,42,137,275,0.3824509833285876,0.1634128178569083
lgbm,True,1.5708,0.025,25,43,22,276,0.05161574082572122,
lgbm,False,1.5708,0.025,25,43,39,276,0.10520922273196782,
lgbm,True,1.5708,0.025,50,43,138,276,0.27090964774992143,
lgbm,False,1.5708,0.025,50,43,137,276,0.2860484340699418,
lgbm,True,1.5708,0.025,100,43,205,276,0.36671980254468556,
lgbm,False,1.5708,0.025,100,43,207,276,0.3882471085508446,
logistic,False,1.5708,0.025,50,43,192,276,0.5226246565244903,0.12666126860851964
lgbm,True,1.5708,0.025,25,44,46,285,0.1262825496973072,
lgbm,False,1.5708,0.025,25,44,27,285,0.08164185538475202,
lgbm,True,1.5708,0.025,50,44,82,285,0.176466928182154,
lgbm,False,1.5708,0.025,50,44,91,285,0.1812279564305244,
lgbm,True,1.5708,0.025,100,44,168,285,0.29081224773581477,
lgbm,False,1.5708,0.025,100,44,151,285,0.2653284925249494,
logistic,False,1.5708,0.025,50,44,157,285,0.3981273265857089,0.16386639626884608
lgbm,True,1.5708,0.025,25,45,50,277,0.14089799557802102,
lgbm,False,1.5708,0.025,25,45,63,277,0.1694746144194072,
lgbm,True,1.5708,0.025,50,45,123,277,0.26770788223382996,
lgbm,False,1.5708,0.025,50,45,126,277,0.28491882234492943,
lgbm,True,1.5708,0.025,100,45,202,277,0.37960432861769294,
lgbm,False,1.5708,0.025,100,45,204,277,0.3636083605436978,
logistic,False,1.5708,0.025,50,45,166,277,0.4664175886686648,0.16488812017283191
lgbm,True,1.5708,0.025,25,46,50,263,0.15294286408087332,
lgbm,False,1.5708,0.025,25,46,78,263,0.23009755595085898,
lgbm,True,1.5708,0.025,50,46,108,263,0.23031297191546282,
lgbm,False,1.5708,0.025,50,46,116,263,0.2741923523655077,
lgbm,True,1.5708,0.025,100,46,157,263,0.2576555918926695,
lgbm,False,1.5708,0.025,100,46,147,263,0.2835274723682258,
logistic,False,1.5708,0.025,50,46,176,263,0.5284380865153905,0.1327057774164858
lgbm,True,1.5708,0.05,25,42,101,539,0.2596314082714331,
lgbm,False,1.5708,0.05,25,42,64,539,0.14576679051821168,
lgbm,True,1.5708,0.05,50,42,227,539,0.37920042603767984,
lgbm,False,1.5708,0.05,50,42,209,539,0.34721546885883486,
lgbm,True,1.5708,0.05,100,42,361,539,0.4648300903484078,
lgbm,False,1.5708,0.05,100,42,366,539,0.4917062971772131,
logistic,False,1.5708,0.05,50,42,334,539,0.600986802460037,0.17900626386175697
lgbm,True,1.5708,0.05,25,43,116,530,0.2675368213321289,
lgbm,False,1.5708,0.05,25,43,66,530,0.16308901838044695,
lgbm,True,1.5708,0.05,50,43,227,530,0.3644759203517252,
lgbm,False,1.5708,0.05,50,43,207,530,0.32481904764370534,
lgbm,True,1.5708,0.05,100,43,326,530,0.4259241081464849,
lgbm,False,1.5708,0.05,100,43,351,530,0.4557692040412104,
logistic,False,1.5708,0.05,50,43,320,530,0.5667403677016535,0.14867204205414608
lgbm,True,1.5708,0.05,25,44,85,522,0.19579892441512559,
lgbm,False,1.5708,0.05,25,44,62,522,0.16366062988613786,
lgbm,True,1.5708,0.05,50,44,169,522,0.26874774579218474,
lgbm,False,1.5708,0.05,50,44,155,522,0.25879404447970905,
lgbm,True,1.5708,0.05,100,44,362,522,0.47391292609200547,
lgbm,False,1.5708,0.05,100,44,349,522,0.46915289277771316,
logistic,False,1.5708,0.05,50,44,304,522,0.5396672307555871,0.1455776284234295
lgbm,True,1.5708,0.05,25,45,90,521,0.1963321874212816,
lgbm,False,1.5708,0.05,25,45,88,521,0.20978138388879583,
lgbm,True,1.5708,0.05,50,45,213,521,0.34779871888875324,
lgbm,False,1.5708,0.05,50,45,226,521,0.33039250689609434,
lgbm,True,1.5708,0.05,100,45,344,521,0.43787976451962696,
lgbm,False,1.5708,0.05,100,45,365,521,0.4716517530496966,
logistic,False,1.5708,0.05,50,45,321,521,0.5508734773904709,0.1933453259103305
lgbm,True,1.5708,0.05,25,46,119,525,0.27222169590001316,
lgbm,False,1.5708,0.05,25,46,138,525,0.3006746128917201,
lgbm,True,1.5708,0.05,50,46,206,525,0.3259638969679772,
lgbm,False,1.5708,0.05,50,46,258,525,0.41184774342326047,
lgbm,True,1.5708,0.05,100,46,344,525,0.4604074952438666,
lgbm,False,1.5708,0.05,100,46,342,525,0.45538592984386395,
logistic,False,1.5708,0.05,50,46,307,525,0.5489170538291599,0.1275171257268922
