policy,k,seed,caught,n_illicit_post
greedy,25,42,26,275
eps10,25,42,26,275
greedy,50,42,98,275
eps10,50,42,75,275
greedy,75,42,150,275
eps10,75,42,125,275
greedy,100,42,178,275
eps10,100,42,176,275
greedy,125,42,203,275
eps10,125,42,201,275
greedy,150,42,212,275
eps10,150,42,225,275
greedy,25,43,39,276
eps10,25,43,29,276
greedy,50,43,137,276
eps10,50,43,125,276
greedy,75,43,179,276
eps10,75,43,178,276
greedy,100,43,207,276
eps10,100,43,210,276
greedy,125,43,220,276
eps10,125,43,219,276
greedy,150,43,235,276
eps10,150,43,234,276
greedy,25,44,27,285
eps10,25,44,24,285
greedy,50,44,91,285
eps10,50,44,87,285
greedy,75,44,128,285
eps10,75,44,111,285
greedy,100,44,151,285
eps10,100,44,127,285
greedy,125,44,181,285
eps10,125,44,164,285
greedy,150,44,207,285
eps10,150,44,209,285
greedy,25,45,63,277
eps10,25,45,66,277
greedy,50,45,126,277
eps10,50,45,140,277
greedy,75,45,174,277
eps10,75,45,173,277
greedy,100,45,204,277
eps10,100,45,215,277
greedy,125,45,227,277
eps10,125,45,222,277
greedy,150,45,231,277
eps10,150,45,231,277
greedy,25,46,78,263
eps10,25,46,63,263
greedy,50,46,116,263
eps10,50,46,103,263
greedy,75,46,147,263
eps10,75,46,144,263
greedy,100,46,147,263
eps10,100,46,158,263
greedy,125,46,171,263
eps10,125,46,172,263
greedy,150,46,210,263
eps10,150,46,204,263
greedy,25,47,13,236
eps10,25,47,12,236
greedy,50,47,82,236
eps10,50,47,68,236
greedy,75,47,108,236
eps10,75,47,107,236
greedy,100,47,147,236
eps10,100,47,141,236
greedy,125,47,153,236
eps10,125,47,163,236
greedy,150,47,185,236
eps10,150,47,179,236
greedy,25,48,42,261
eps10,25,48,48,261
greedy,50,48,111,261
eps10,50,48,93,261
greedy,75,48,139,261
eps10,75,48,137,261
greedy,100,48,179,261
eps10,100,48,184,261
greedy,125,48,208,261
eps10,125,48,199,261
greedy,150,48,216,261
eps10,150,48,216,261
greedy,25,49,45,265
eps10,25,49,41,265
greedy,50,49,122,265
eps10,50,49,97,265
greedy,75,49,134,265
eps10,75,49,141,265
greedy,100,49,170,265
eps10,100,49,165,265
greedy,125,49,187,265
eps10,125,49,184,265
greedy,150,49,204,265
eps10,150,49,199,265
greedy,25,50,89,256
eps10,25,50,93,256
greedy,50,50,143,256
eps10,50,50,141,256
greedy,75,50,169,256
eps10,75,50,180,256
greedy,100,50,182,256
eps10,100,50,186,256
greedy,125,50,210,256
eps10,125,50,201,256
greedy,150,50,222,256
eps10,150,50,221,256
greedy,25,51,7,253
eps10,25,51,25,253
greedy,50,51,81,253
eps10,50,51,83,253
greedy,75,51,128,253
eps10,75,51,126,253
greedy,100,51,137,253
eps10,100,51,152,253
greedy,125,51,154,253
eps10,125,51,184,253
greedy,150,51,179,253
eps10,150,51,197,253
