method,seed,caught
Static,42,14
ARF,42,18
SRP,42,40
AEGIS-CG,42,18
ARF,43,23
SRP,43,22
AEGIS-CG,43,18
ARF,44,15
SRP,44,14
AEGIS-CG,44,12
ARF,45,35
SRP,45,5
AEGIS-CG,45,20
ARF,46,46
SRP,46,11
AEGIS-CG,46,20
ARF,47,17
SRP,47,23
AEGIS-CG,47,23
ARF,48,25
SRP,48,5
AEGIS-CG,48,20
ARF,49,33
SRP,49,14
AEGIS-CG,49,13
ARF,50,14
SRP,50,22
AEGIS-CG,50,14
ARF,51,22
SRP,51,6
AEGIS-CG,51,30
ARF,52,23
SRP,52,34
AEGIS-CG,52,12
ARF,53,24
SRP,53,12
AEGIS-CG,53,42
ARF,54,50
SRP,54,41
AEGIS-CG,54,14
ARF,55,41
SRP,55,28
AEGIS-CG,55,13
ARF,56,15
SRP,56,16
AEGIS-CG,56,17
ARF,57,40
SRP,57,43
AEGIS-CG,57,14
ARF,58,31
SRP,58,35
AEGIS-CG,58,53
ARF,59,35
SRP,59,32
AEGIS-CG,59,30
ARF,60,39
SRP,60,5
AEGIS-CG,60,14
ARF,61,30
SRP,61,20
AEGIS-CG,61,15
ARF,62,39
SRP,62,57
AEGIS-CG,62,30
ARF,63,9
SRP,63,20
AEGIS-CG,63,12
ARF,64,28
SRP,64,51
AEGIS-CG,64,9
ARF,65,41
SRP,65,18
AEGIS-CG,65,14
ARF,66,21
SRP,66,22
AEGIS-CG,66,15
ARF,67,42
SRP,67,14
AEGIS-CG,67,14
ARF,68,34
SRP,68,22
AEGIS-CG,68,12
ARF,69,34
SRP,69,29
AEGIS-CG,69,20
ARF,70,27
SRP,70,14
AEGIS-CG,70,13
ARF,71,44
SRP,71,25
AEGIS-CG,71,24
