exp,policy,k,n,ignited,p,lo,hi,mean,sd,share_48_49
ignite_seeds,eps10,50,50,4,0.08,0.031549003255790686,0.18838502545063704,20.7,10.400647546559545,0.6899038461538461
ignite_seeds,eps10,55,50,12,0.24,0.14297252401872207,0.3741294937519236,26.68,11.869081769067744,0.6972222222222222
ignite_seeds,eps10,60,50,10,0.2,0.11243629945973886,0.3303737210448524,23.24,12.0873690187699,0.732051282051282
ignite_seeds,eps10,65,50,18,0.36,0.24138562967182875,0.49859237989698046,31.26,14.362379997189654,0.7605970149253731
ignite_seeds,eps10,70,50,16,0.32,0.20758044093999403,0.45810557136276076,33.2,14.337050617479289,0.7525510204081632
ignite_seeds,eps10,75,50,26,0.52,0.3851151225880844,0.6520308760449429,40.42,16.910436338038625,0.770979020979021
ignite_seeds,eps10,80,50,24,0.48,0.3479691239550571,0.6148848774119157,39.2,18.580217700444695,0.8045002261420171
ignite_seeds,eps10,85,50,22,0.44,0.3116198721023534,0.5769421319985648,36.1,13.763675944681497,0.7815482502651114
ignite_seeds,eps10,90,50,14,0.28,0.17474014357680362,0.4166538714598967,31.66,9.246312006107393,0.7909982174688057
ignite_seeds,eps10,95,50,26,0.52,0.3851151225880844,0.6520308760449429,40.54,15.422234148217598,0.7801932367149759
ignite_seeds,eps10,100,50,39,0.78,0.6475818431054045,0.8724621377569771,49.5,16.237082778099555,0.7787193973634652
ignite_seeds,eps20,50,50,3,0.06,0.020614596364630478,0.16217343370877002,18.52,8.069190587332406,0.6923076923076923
ignite_seeds,eps20,55,50,5,0.1,0.04347512399157111,0.2136049033478839,21.88,9.492510474160184,0.6666666666666666
ignite_seeds,eps20,60,50,12,0.24,0.14297252401872207,0.3741294937519236,26.14,13.826933196940422,0.7327380952380952
ignite_seeds,eps20,65,50,14,0.28,0.17474014357680362,0.4166538714598967,29.04,13.627642975262615,0.6846590909090908
ignite_seeds,eps20,70,50,18,0.36,0.24138562967182875,0.49859237989698046,33.14,14.393890427283829,0.7228132387706856
ignite_seeds,eps20,75,50,25,0.5,0.36644286412332855,0.6335571358766714,37.76,16.886850336451563,0.7423963133640553
ignite_seeds,eps20,80,50,24,0.48,0.3479691239550571,0.6148848774119157,36.02,13.414110754982561,0.7236111111111111
ignite_seeds,eps20,85,50,23,0.46,0.3296943460178263,0.5960136567161192,35.5,13.231456026130632,0.7410600255427842
ignite_seeds,eps20,90,50,26,0.52,0.3851151225880844,0.6520308760449429,38.8,14.095881581193154,0.7924901185770751
ignite_seeds,eps20,95,50,29,0.58,0.4423319668777783,0.7062520276543307,41.68,15.238833315458454,0.7953639082751744
ignite_seeds,eps20,100,50,32,0.64,0.5014076201030195,0.7586143703281711,42.08,14.571204480069587,0.7881794650560828
ignite_seeds,greedy,50,1,0,0.0,0.0,0.7934567085261071,10.0,0.0,0.8
ignite_seeds,greedy,55,1,0,0.0,0.0,0.7934567085261071,15.0,0.0,0.7333333333333333
ignite_seeds,greedy,60,1,0,0.0,0.0,0.7934567085261071,27.0,0.0,0.7407407407407407
ignite_seeds,greedy,65,1,0,0.0,0.0,0.7934567085261071,18.0,0.0,0.7222222222222222
ignite_seeds,greedy,70,1,0,0.0,0.0,0.7934567085261071,23.0,0.0,0.782608695652174
ignite_seeds,greedy,75,1,0,0.0,0.0,0.7934567085261071,19.0,0.0,0.7894736842105263
ignite_seeds,greedy,80,1,0,0.0,0.0,0.7934567085261071,28.0,0.0,0.8571428571428571
ignite_seeds,greedy,85,1,0,0.0,0.0,0.7934567085261071,28.0,0.0,0.7857142857142857
ignite_seeds,greedy,90,1,0,0.0,0.0,0.7934567085261071,21.0,0.0,0.8571428571428571
ignite_seeds,greedy,95,1,1,1.0,0.20654329147389294,1.0,52.0,0.0,0.8653846153846154
ignite_seeds,greedy,100,1,1,1.0,0.20654329147389294,1.0,55.0,0.0,0.8545454545454545
ignite_boot,eps10,50,40,5,0.125,0.05459419773541284,0.26112420670238146,20.075,10.603307418212875,0.7142857142857143
ignite_boot,eps10,55,40,6,0.15,0.07061091708507435,0.2907262603902003,22.225,11.585772663276636,0.6799431009957326
ignite_boot,eps10,60,40,7,0.175,0.08745302996883066,0.3195029205439244,23.425,10.87195285927781,0.7100840336134454
ignite_boot,eps10,65,40,6,0.15,0.07061091708507435,0.2907262603902003,22.75,10.57270312086986,0.7247474747474747
ignite_boot,eps10,70,40,13,0.325,0.20084316962661725,0.4798254191110201,27.7,11.576279903762538,0.767156862745098
ignite_boot,eps10,75,40,11,0.275,0.1610785343314309,0.4283525083312457,28.45,10.056124553009525,0.7864741641337386
ignite_boot,eps10,80,40,14,0.35,0.2213433317104915,0.5049440300646263,31.125,9.853250147110773,0.7693236714975846
ignite_boot,eps10,85,40,18,0.45,0.30705075280944694,0.6017117011155924,35.225,9.65159080816241,0.8101673101673101
ignite_boot,eps10,90,40,16,0.4,0.2634811061240136,0.5540438017260649,35.8,11.91465376580345,0.773469387755102
ignite_boot,eps10,95,40,22,0.55,0.39828829888440775,0.6929492471905531,38.2,12.68392885828564,0.7656862745098039
ignite_boot,eps10,100,40,30,0.75,0.598057409330299,0.8581303210445048,45.925,14.688889050519156,0.7714078374455733
ignite_boot,eps20,50,40,3,0.075,0.025835556771858226,0.19864530159097524,18.3,8.738949065490127,0.7119815668202765
ignite_boot,eps20,55,40,5,0.125,0.05459419773541284,0.26112420670238146,19.925,9.988166074833835,0.6666666666666666
ignite_boot,eps20,60,40,5,0.125,0.05459419773541284,0.26112420670238146,22.575,13.690512342682,0.7605970149253731
ignite_boot,eps20,65,40,7,0.175,0.08745302996883066,0.3195029205439244,24.575,12.612341330861366,0.73125
ignite_boot,eps20,70,40,11,0.275,0.1610785343314309,0.4283525083312457,29.15,14.73796771294103,0.7152777777777778
ignite_boot,eps20,75,40,13,0.325,0.20084316962661725,0.4798254191110201,30.775,13.403955596801477,0.7333333333333333
ignite_boot,eps20,80,40,14,0.35,0.2213433317104915,0.5049440300646263,31.625,12.532393922786557,0.7703296703296704
ignite_boot,eps20,85,40,23,0.575,0.42194800436059987,0.7149083147518411,39.5,16.56842842616102,0.7792207792207793
ignite_boot,eps20,90,40,23,0.575,0.42194800436059987,0.7149083147518411,37.925,11.953730240668252,0.7916666666666666
ignite_boot,eps20,95,40,25,0.625,0.47032160054531913,0.7577722646420829,41.525,14.542576747658527,0.8062108810784785
ignite_boot,eps20,100,40,32,0.8,0.6524239261814333,0.8950013502683314,47.8,16.582660081682175,0.7670542635658915
ignite_boot,greedy,50,40,3,0.075,0.025835556771858226,0.19864530159097524,17.95,8.242945702002036,0.6622807017543859
ignite_boot,greedy,55,40,5,0.125,0.05459419773541284,0.26112420670238146,22.275,11.639868489873004,0.6826923076923077
ignite_boot,greedy,60,40,6,0.15,0.07061091708507435,0.2907262603902003,20.95,11.484549263896769,0.6794871794871795
ignite_boot,greedy,65,40,4,0.1,0.03957888759557486,0.23052074380473897,22.2,10.40512694140089,0.7222222222222222
ignite_boot,greedy,70,40,7,0.175,0.08745302996883066,0.3195029205439244,24.475,9.997403509065588,0.7285012285012284
ignite_boot,greedy,75,40,8,0.2,0.10499864973166874,0.34757607381856676,25.375,10.589514649539916,0.7712418300653594
ignite_boot,greedy,80,40,4,0.1,0.03957888759557486,0.23052074380473897,26.525,7.68610968249101,0.76
ignite_boot,greedy,85,40,12,0.3,0.18074670915695296,0.454303106543204,33.15,13.840761058072879,0.8047619047619048
ignite_boot,greedy,90,40,20,0.5,0.35199278797099753,0.6480072120290025,35.375,11.86610665633371,0.7944947209653092
ignite_boot,greedy,95,40,27,0.675,0.52017458088898,0.7991568303733828,38.1,9.529441558153154,0.7767210144927537
ignite_boot,greedy,100,40,27,0.675,0.52017458088898,0.7991568303733828,43.075,12.892827463361169,0.7649122807017544
